"Art1","Art2","Art3","AstroAQP1","AstroPLCG1","AstroSERPINI2","B.cell","Bcell_plasma","capEndo","CD4","CD8","CD8_6_1_3","DC","FBMC","fibroblast","gbmEndo_9_1","gbmEndo_9_1a","gbmEndo_9_3","gbmEndo_9_4","gbmEndoPeri_1","gbmEndoPeri_2","gbmFib_4","gbmFib_5","gbmFib_6","gbmPeri","granulocyte","mac_5_1_2","mac_5_1_3","mac_prolif","mg_1_1","mg_1_3","mg_prolif","migDC","monocyte","Neurons_Ex","Neurons_In","NKT","nonclassic_mo","Oligo_2_1","Oligo_2_2","Oligo_2_3_1","Oligo_2_3_2","OPC","pericyte","RBC","SMC","T_prolif","TC_AC","TC_mesh","TC_mesnh","TC_MTC","TC_NPC","TC_oligo","TC_OPC","TC_prolif","Treg","Venous","Venule"
"HEXIM1","ARL15","DKK2","GFAP","GPC5","ADGRV1","CD37","MZB1","CLDN5","CD40LG","CD8A","GZMA","AREG","CRISPLD2","PTGDS","CD93","A2M","DDX21","CCL3L1","ITM2A","COL4A1","CLU","COL1A1","APOD","COL4A1","IFITM2","C5AR1","GPNMB","S100A10","C3AR1","DHRS9","APOC2","BIRC3","LYZ","AGBL4","CHRM3","CTSW","AIF1","OPALIN","HHIP","DHCR24","GSN","DSCAM","ATP1A2","HBB","MYH11","CORO1A","ALDOC","PLOD2","CHI3L1","ALDOA","CD24","DLL1","BCAN","CENPF","CTLA4","ANO2","ATP10A"
"ID2","MCTP1","LTBP4","TNC","HPSE2","DPP10","CD79A","JCHAIN","IFI27","CD69","CD8B","GZMK","CD74","MFAP4","BICC1","HSPG2","SEMA3G","ARHGAP11A","CCL4L2","SPARCL1","F2R","KCNMA1","COL1A2","C1S","THY1","S100A8","CD163","HK2","TGFBI","SIGLEC8","C3","C1QB","GPX4","S100A12","CSMD2","CNTNAP2","FGFBP2","CTSS","KIF19","CREB5","ENPP2","KLK6","GRID2","DLC1","HBA1","PDE3A","CRIP1","ATP1B2","NRN1","METTL7B","EEF1A2","NSG2","DLL3","GPR17","CENPV","FOXP3","TSHZ2","DOCK9"
"IER3","MECOM","MGP","ADAMTSL3","RORA","TNIK","MS4A1","XBP1","ABCG2","CD3E","XCL1","LIME1","FCER1A","OOEP","IGF2","KDR","SYNPO","IFRD2","CXCL8","CAVIN2","CA2","LEPR","COL3A1","CYP1B1","CCDC102B","G0S2","CD68","PLIN2","CAPG","EGR2","P2RY12","C3","GSTP1","S100A9","GABRA4","GRIP1","KLRD1","FCGR3A","RNASE1","CDH19","HAPLN2","CNDP1","KCNIP4","INPP4B","HBA2","PLN","RAC2","C1orf61","VEGFA","MT-ND4L","BNIP3","SCG3","OLIG2","SMOC1","CTXN1","IL32","CADPS2","FLT1"
"LRRC23","PLCB4","RAMP2","AQP1","SLC1A2","PPP2R2B","RPL18A","DERL3","VWF","CXCR4","PTGER2","DUSP2","FCGR2B","APOO","AKAP12","PLVAP","GJA5","ABCE1","IL1B","SEC62","THY1","SFRP2","COL6A2","DCN","COL4A2","FCGR3B","FCGRT","SLC11A1","F13A1","OLR1","CX3CR1","SLC2A5","HLA-DPB1","CSTA","KHDRBS2","KAZN","NKG7","LST1","BIN1","TCP11L2","TMEM144","CD9","LHFPL3","MUSTN1","SLC25A37","SOD3","HMGB1","ID4","IRS2","MT-ATP8","MRPS24","TUBB3","PRAME","NEU4","NMU","CD27","IL1R1","ABCB1"
"TM4SF1","VEGFC","ELN","DST","ARHGAP24","WDR49","RPS5","HERPUD1","","IL7R","ZNF683","CRTAM","GRASP","CCL2","GNAL","ESM1","CD59","ATAD3A","CCL4","GGT5","APLN","SLC26A2","POSTN","ISLR","FAT1","CMTM2","IFI30","TREM1","TOMM6","","GPR34","LILRB4","LAMP3","RETN","RBFOX1","NRXN3","PRF1","S100A11","AZGP1","TMPRSS5","FEZ1","LARP6","LRP1B","RGS5","","TAGLN","TUBA4A","ITGB8","NOL3","SPOCD1","","FXYD6","DSEL","C1QL1","MESP1","CD3D","IL6ST","ESYT2"
"C6orf62","ROR1","ABI3BP","TTN","CACNB2","ZNRF3","FCMR","FCRL5",,"IL32","KLRC4","KLRG1","HLA-DRB5","ECRG4","SFRP4","RASGRP3","JAG2","NUDT15","CCL20","MFSD2A","PXDN","SLC47A1","RPL27A","F3","C11orf96","S100P","MS4A6A","ZNF385A","SLC16A3",,"TMEM119","FCGR1A","LSP1","NLRP3","SV2B","SRRM4","CD247","SERPINA1","TTLL7","LAMP2","GPIHBP1","KCNMB4","LRRC4C","SLC6A1",,"TPM2","PLP2","SOX9","HILPDA","SPRY2",,"INSM1","","COL9A2","ZNF66","CD2","ACKR1","NPIPB3"
"SLC10A1","TMTC1","LTC4S","DAAM2","TPD52L1","CFAP47","BANK1","FKBP11",,"CD52","","","RNASE6","FHL1","GFPT2","RFLNB","S1PR1","TIPIN","","SLC38A5","SPRY1","IGFBP5","RPL37A","FBLN2","PTGIR","PROK2","TNFSF13","C15orf48","PTGES3",,"APOC2","RNASE2","TMSB10","PLBD1","SYNDIG1","ZNF536","CD7","FCER1G","MAL","CERCAM","GPR37","HCN2","LUZP2","ARHGAP10",,"ACTA2","CNN2","ENHO","AK4","",,"SHD",,"SNX22","ZNF738","TIGIT","SOD2","SLCO1A2"
"TNFRSF10D","ELMO1","GCHFR","FAM189A2","RYR3","SERPINI2","NOP53","ISG20",,"",,,"HCLS1","EGLN3","CCDC200","ROBO4","HEY1","EXOSC2",,"CD320","COL4A2","OGN","COL5A1","C7","FBLIM1","","GRN","HMOX1","HNMT",,"CSF1R","WAS","HINT1","MCEMP1","SYT1","GAD1","GNLY","MS4A7","CNP","","MOBP","UCHL1","PCDH15","EBF1",,"ADIRF","RAD21","ALDH1L1","SPNS2",,,"DPYSL3",,"GPR37L1","","TNFAIP3","ADGRG6","THSD4"
"KCNJ2","THSD7A","IGFBP3","KCNN3","WIF1","ADCY2","RPS8","SEC11C",,,,,"IGFLR1","FSIP1","ALDH1A2","PLXNA2","MALL","DSCC1",,"EDN3","C11orf96","SCARA5","COL6A1","MMP2","CALD1",,"SDS","MMP19","MARCO",,"SELPLG","APBB1IP","HLA-DQA1","LTB4R","MLIP","GRIK2","IFITM1","S100A4","",,"CARNS1","LGALS3BP","PTPRZ1","EPS8",,"CNN1","PPP1CA","LIX1","",,,"MLLT11",,"ASIC1",,"BATF","RAMP3","BBS9"
"NFE2L3","CFH","C1QTNF5","BAIAP3","SLC1A3","TAB2","BLK","SSR4",,,,,"GPR183","ANGPT1","ARIH1","VWA1","SULT1B1","CENPQ",,"KTN1","MCAM","EFEMP1","COL6A3","NR2F1","COL18A1",,"ACP5","ERO1A","METTL26",,"LPAR5","FCGBP","IL7R","","NEGR1","IGF1","GZMB","PTPRC",,,"FA2H","PRDX1","TNR","SLC6A13",,"MYL9","PTPRCAP","COL28A1",,,,"CDR1",,"MTSS2",,"IL2RA","LRRC1","COBLL1"
"ID3","CTTNBP2NL","IL33","COL21A1","TRPM3","AMZ2","RPS23","PIM2",,,,,"CD86","RPL24","CCNH","EGFL7","BCAM","TIMM8A",,"MT1F","ITGA1","FGL2","NNMT","MXRA8","",,"MSR1","SLC2A3","CLEC5A",,"TREM2","FOLR2","PPA1",,"PHACTR1","PLD5","KLRB1","CFD",,,"SCD","RETREG1","CA10","TRPC3",,"DES","CD6","RIDA",,,,"BEX1",,"PCDHGC3",,"SKAP1","TRPM6","SNED1"
"INTS6","CDK17","MFRP","RGMA","CABLES1","TJP2","CD79B","PRDX4",,,,,"CD1E","SSTR2","CPED1","ENG","ADAM15","LYAR",,"SLC3A2","SERPINE1","NPNT","THBS2","S100A13",,,"MAFB","CDCP1","SQOR",,"","LAIR1","ARL6IP5",,"RIMS2","C8orf34","KLRF1","FCN1",,,"SNORC","SCN1B","CSMD3","NR2F2",,"SYNPO2","PTPN7","MASP1",,,,"SOX11",,"PLPPR1",,"LCK","CALCRL","STXBP6"
"POLR2A","CNTNAP3","FGF2","MARCH3","PREX2","NEBL","RPL19","TENT5C",,,,,"GPAT3","MYC","CPZ","EXOC3L2","BEX5","NUDT8",,"FAM107A","PMEPA1","SLC7A2","COL5A2","C1R",,,"FPR3","BNIP3L","MTFP1",,,"CYFIP1","BASP1",,"RYR2","ERBB4","KLRK1","COTL1",,,"UGT8","FN3K","KCNMB2","PTEN",,"LPP","SNRPD2","FADS2",,,,"AC055839.2",,"TRAF4",,"SARAF","PLA1A","HLF"
"KRT19","MYZAP","BMX","ITPKB","COL5A3","ITPR2","EEF1B2","POU2AF1",,,,,"NR4A3","CCL26","GPR78","CDH5","NOS3","RPP30",,"TMEM204","TP53I11","SLIT2","LUM","OLFML3",,,"AKR1B1","ANG","FAM174C",,,"TAGAP","FSCN1",,"SATB2","SLC35F4","GZMH","LILRA5",,,"COL4A5","C4orf48","NLGN1","SLC38A11",,"TPM1","CD5","SYTL4",,,,"LRATD2",,"NLGN3",,"ICOS","RALGAPA2","IGF1R"
"RBKS","","GAS6","PFKFB2","PIK3C2A","STON2","NCF1","SELENOK",,,,,"CD1C","CCN5","AMPD3","NOTCH4","APOL1","TCOF1",,"TNS1","CALM1","GJA1","FAP","IGFBP6",,,"RNF130","SLAMF9","ST14",,,"TMIGD3","NABP1",,"SIDT1","KCNC2","ZAP70","LIMD2",,,"PLEKHB1","DDR1","NXPH1","ITIH5",,"HSPB1","PAXX","LYPD1",,,,"ASIC4",,"PLAAT1",,"TNFRSF18","PKHD1L1","SORBS2"
"ACER2",,"PROCR","RHPN1","GABRA2","NHSL1","RPL3","SLAMF7",,,,,"MS4A4E","NPY","TFPI2","BDKRB2","","SAAL1",,"ARL4A","LOXL2","IGFBP2","TIMP1","WNT4",,,"ZNF331","ADSSL1","DDX41",,,"LAT2","RAB9A",,"SNAP25","KIAA1211","CLIC3","OAZ1",,,"STMN4","PLPP2","OPCML","LAMA2",,"PALLD","APOBEC3H","PCDHGA10",,,,"PCDHB9",,"BMP7",,"GBP5","ABCD3","AKT3"
"MT1M",,"GASK1B","PFKP","SHROOM3","RFX4","VPREB3","SPAG4",,,,,"RGS2","FGF10","RASD1","SLCO2A1",,"NUP188",,"CA4","PGF","KLF5","SLC39A14","SERPING1",,,"ASAH1","IL1RN","ME2",,,"OTULINL","CCR7",,"STXBP5L","L3MBTL4","IL2RB","LILRB2",,,"ST18","GNG7","ADGRL3","SLC30A10",,"ACTG2","STK17A","TRIM47",,,,"MEX3A",,"RND2",,"PBXIP1","PRSS23","NOSTRIN"
"ZC3HAV1",,"CAV1","PAGR1","FGFR3","SLC7A11","RPL11","PLPP5",,,,,"CD1D","","ECM2","HAPLN1",,"",,"SERPINB6","LAMC1","SULF1","CA12","RBP1",,,"MRC1","","CACNA2D4",,,"HAMP","CSF2RA",,"UNC80","SYNPR","GZMM","TNFRSF1B",,,"ANLN","RAB40B","DCC","CPM",,"DSTN","EMB","PRLHR",,,,"KIAA0408",,"NUP42",,"PRDM1","ABCC4","ST6GAL1"
"MYLIP",,"FNIP2","APC2","MEIS2","EPHA6","RPS6","JSRP1",,,,,"PTGER4",,"ZNF10","ITGA5",,,,"SRARP","CCDC102B","ADD3","FIBIN","ASPN",,,"ADA2",,"LYVE1",,,"SCIN","RASSF4",,"ASIC2","VIP","ARL4C","CEBPB",,,"DPYSL5","PLA2G4C","GALNT13","PTPRK",,"GEM","PSMB10","GPR75",,,,"GPC2",,"CHAD",,"SEPTIN1","SNTG2","GPCPD1"
"PCDH11Y",,"GIPC2","FRMPD2","SLC7A10","CACHD1","FCRLA","TNFRSF17",,,,,"MAP3K8",,"ABTB2","FAM167B",,,,"MT1G","PCDH12","BNC2","RCN3","FMO2",,,"SIGLEC1",,"SIGLEC7",,,"CEBPA","ALDH2",,"BCL11A","GLRA2","MATK","EMP3",,,"EVI2A","AIF1L","PDE4B","GRM8",,"LTBP1","ARHGAP15","SALL2",,,,"PRR36",,"EMILIN3",,"SLAMF1","CDH23","MTUS1"
"DNAJA1",,"CLDN10","HAUS7","LRRC3B","CAMK2G","P2RX5","HM13",,,,,"CLEC10A",,"THSD8","PLXND1",,,,"ATOH8","EDNRA","NECAB1","RPS29","HSD11B1",,,"FUCA1",,"MAPK13",,,"HAVCR2","CDKN1A",,"DLGAP2","ANKRD55","SH2D1B","STXBP2",,,"C21orf91","FAM102A","LRRTM4","APBB2",,"LMOD1","RGL4","PCDHGB7",,,,"RGMB",,"SLITRK2",,"RHOH","RAP1B","PLEKHG1"
"TRIM69",,"TBX1","","PSD3","MAP4K4","LY9","TP53INP1",,,,,"OGFRL1",,"ERI2","ANGPTL2",,,,"SLC16A1","PPP1R15A","GAS1","RPL38","NUPR1",,,"ADAMDEC1",,"SLC25A19",,,"CNPY3","MYL6",,"GABRB3","RAB3C","SYTL3","ARPC3",,,"HSPA2","NGFR","MAML2","NOTCH3",,"FLNA","SP140","",,,,"SEPTIN3",,"PLPP4",,"PIK3IP1","TNFRSF10B","SPOCK2"
"WNT2B",,"CFAP36",,"CADM1","AHCYL2","RBM38","HSH2D",,,,,"GLIPR1",,"CREM","NR5A2",,,,"LSR","LXN","CRABP1","RRBP1","SCPEP1",,,"HEXA",,"HSPA6",,,"GAL3ST4","TYMP",,"GRIN2A","PROX1","ARHGAP9","CD48",,,"SCCPDH","RTL8C","MMP16","P2RY14",,"CAVIN3","MAP4K1",,,,,"NPPA",,"FZD9",,"LAIR2","SSH1","SYNE1"
"CROCC",,"MET",,"ATP13A4","LGI1","RPL18","SDC1",,,,,"STX11",,"TBX18","EHD4",,,,"TMEM123","S1PR3","DHRS3","TNFAIP6","COL15A1",,,"TGIF1",,"GNPDA1",,,"OSM","DAPP1",,"HS6ST3","SLC44A5","PYHIN1","PILRA",,,"MAP7","CDC42EP1","VCAN","PTH1R",,"MYOCD","HNRNPF",,,,,"ATAT1",,"TMEM121",,"GATA3","CPNE8","TBC1D4"
"ZNF143",,"EGFL8",,"MERTK","CDH4","TNFRSF13C","CRELD2",,,,,"GAPT",,"SEMA4A","MYCT1",,,,"GIMAP5","MYO10","ITM2C","CXCL6","ITGA10",,,"IL10",,"NANS",,,"CXorf21","SAMSN1",,"PTPRD","ANK1","CCND3","ARPC1B",,,"AATK","NDUFA11","DPP6","SLC19A1",,"ENAH","RNF167",,,,,"RASA4",,"CTXND1",,"SOCS1","IL18R1","CMTM8"
"RIPK1",,"PTGIS",,"NDRG2","KANK1","NIBAN3","SPCS1",,,,,"NAPSA",,"C4A","SEMA3F",,,,"MXD4","RHOC","JAM3","MMP14","MLPH",,,"GLMP",,"LACTB",,,"CD4","TXN",,"RASGRF1","ANO4","TBX21","GMFG",,,"TMEM63A","TMTC4","NRCAM","DACH1",,"ATF3","CD70",,,,,"GPSM1",,"PLPPR5",,"SIRPG","TEAD1","GALNT18"
"MRPL33",,"GATA6",,"SDC4","AHCYL1","FCRL1","TXNDC11",,,,,"RIN3",,"KCNK17","ACVRL1",,,,"TGFBR2","ECE1","LTBP2","INHBA","CEP126",,,"ALOX15B",,"HIST1H2BH",,,"AP1B1","GRSF1",,"SGSM1","DCX","TXK","MPEG1",,,"CMTM5","TECR","MARCH1","ARHGAP42",,"MSRB3","OASL",,,,,"",,"CHDH",,"AQP3","ADAMTS9","NPIPB5"
"METTL21A",,"CAPZA2",,"VAV3","GLUD1","CD19","DNAJB9",,,,,"CEACAM4",,"C4B","DYSF",,,,"HOPX","DPEP1","PHLDB2","STEAP1","TSKU",,,"GM2A",,"",,,"REEP4","GPR157",,"SH3GL2","DLX1","BIN2","SPI1",,,"MYLK","CIAO2B","SLC35F1","PRKN",,"NEXN","NFATC2",,,,,,,"",,"CCR8","OSMR","CHKA"
"CCNYL1",,"PGM5",,"CNTFR","SRGAP1","CXCR5","TMEM238",,,,,"PSTPIP2",,"VIT","ITGA2",,,,"MAOA","PTP4A3","SLC12A2","CCN4","ASIP",,,"LY96",,,,,"PTAFR","C4orf3",,"ZNF385B","GAD2","XCL2","NACA",,,"PAQR6","YWHAQ","ASAP1","C4orf19",,"CASQ2","UBE2L6",,,,,,,,,"CD28","HIPK3","SLC7A1"
"DDX58",,"SMAD6",,"ACSBG1","PDZRN3","RPL32","TXNDC15",,,,,"RIPK2",,"WNT9A","TMEM255B",,,,"TNS2","TNFRSF21","SLC9B2","CXCL5","NR1H3",,,"RENBP",,,,,"PPT1","CTSH",,"ARPP21","GALNTL6","FCRL6","NCF2",,,"SEPTIN8","B3GAT3","BCAS1","PLCE1",,"HSPB8","",,,,,,,,,"FLT3LG","NMUR2","LRP8"
"ASXL1",,"AKR1C3",,"PAMR1","PRKD1","TCL1A","ZBP1",,,,,"CLEC4A",,"F10","NRP1",,,,"RRAS","COL18A1","SOCS3","FKBP10","OLAH",,,"DRAM2",,,,,"HPGDS","IL4I1",,"ATP2B2","GRIA1","TTC38","LRRC25",,,"FAM107B","PSAT1","NCAM2","RBPMS",,"MGST3",,,,,,,,,,"CXCR6","ASRGL1","HMCN1"
"",,"NOMO2",,"SLC6A11","ADGRA3","TNFRSF13B","MEI1",,,,,"",,"RDH10","FZD4",,,,"CYYR1","CHST1","ENPP6","LOX","AC007325.4",,,"",,,,,"PRKCD","SYNGR2",,"FAM153B","SYTL5","MCTP2","SLC25A6",,,"TTYH2","COX5B","XKR4","RERGL",,"NIBAN1",,,,,,,,,,"PLSCR3","RAB27A","LAMA3"
,,"SH3RF2",,"SFMBT2","YAP1","PARP15","PDK1",,,,,,,"SLC19A2","SHROOM4",,,,"COX7A1","CD248","ADM","A1BG","",,,,,,,,"IL17RA","LAD1",,"ICA1","PARM1","TMIGD2","WARS",,,"MT3","SMIM29","CLASP2","CDH6",,"KCNMB1",,,,,,,,,,"LTA","ITPKC","SLC39A10"
,,"TSPAN2",,"SFXN5","TCF7L2","AC119396.1","LAX1",,,,,,,"LONRF3","SCARF1",,,,"HRCT1","TNS3","CEMIP","ATP5ME",,,,,,,,,"SIGLEC9","SUB1",,"CADPS","CXCL14","NCR1","CFP",,,"TMEM125","CXXC5","KCND2","ZFHX3",,"CD151",,,,,,,,,,"DENND1C","ZNF217","CCNY"
,,"TEK",,"ACSS1","MED12L","STAG3","ST6GALNAC4",,,,,,,"DNAH2","YES1",,,,"PINK1","SPATS2L","SERPINF1","OST4",,,,,,,,,"JDP2","TSPAN33",,"HTR1E","LYPD6B","NCR3","CLEC12A",,,"PAQR8","IFIT2","BRINP3","RIPOR3",,"NUDT4",,,,,,,,,,"CASP8","TAFA4","EPHA3"
,,"ITPRID2",,"SLC39A11","STK33","PAX5","MEF2B",,,,,,,"SPACA6","PVR",,,,"AHNAK","UACA","ANXA1","RPL36A",,,,,,,,,"ARHGAP4","PNRC1",,"IQSEC3","NRIP3","KIR2DL3","POU2F2",,,"LANCL1","MICOS13","SHISA9","SLC20A2",,"CCN3",,,,,,,,,,"CCR4","AFF4","ZBTB16"
,,"IRF6",,"PSD2","AGT","RUBCNL","ARSA",,,,,,,"TKTL1","STC2",,,,"MX1","YWHAZ","BTG2","TMEM45A",,,,,,,,,"CCR1","CTSZ",,"LRFN5","NHS","KIR2DL4","PYCARD",,,"FOLH1","FNTB","PDGFRA","PCBP3",,"PDLIM3",,,,,,,,,,"","FOSL2","STARD13"
,,"SLC17A3",,"SPON1","FARP1","FCER2","TRABD",,,,,,,"GCLC","PPM1F",,,,"TFRC","ARHGAP18","MRC2","RCN1",,,,,,,,,"GLA","NUB1",,"RALYL","BTBD11","KIR3DL2","EVI2B",,,"ZNF652","GCSH","SOX6","CLMN",,"KCNA5",,,,,,,,,,,"CHIC2","MCC"
,,"DIPK1B",,"EYA1","HEPACAM","","KLHL6",,,,,,,"BIN3","NDST1",,,,"HERC2","EVA1B","PDGFD","SERPINA3",,,,,,,,,"SNX5","PTPN1",,"CHN1","CHRNA7","RNF125","CARD16",,,"ERBB3","RNH1","SEMA5A","COLEC12",,"SGCA",,,,,,,,,,,"SELE","LARGE1"
,,"DHH",,"LGR4","RAD51B",,"FAM92B",,,,,,,"GTF2B","YPEL2",,,,"IFNGR1","ENPEP","SIX1","TDO2",,,,,,,,,"ITGAM","TAPBP",,"FRRS1L","ECE2","","GPSM3",,,"LPAR1","NPTX2","KIF13A","CYTH3",,"CCDC107",,,,,,,,,,,"ATP8B1","LRCH1"
,,"KIAA0355",,"GPAM","CDC14A",,"SLC17A9",,,,,,,"TTC21A","BCR",,,,"SLC38A3","PDGFA","CTXN3","KDELR3",,,,,,,,,"ANOS1","ETV3",,"MPPED1","VWC2L",,"SIGLEC10",,,"MAN2A1","VAMP2","XYLT1","FRMD3",,"AMIGO2",,,,,,,,,,,"CDC37L1","SCARB1"
,,"ZBED6",,"GNA14","IFT88",,"SYVN1",,,,,,,"SLC22A6","ARHGEF15",,,,"SLC39A8","CNN3","FOXC1","RPL31",,,,,,,,,"ATP6V1B2","RELB",,"PLCB1","GPR149",,"SPN",,,"SEMA4D","NAXE","GRM7","PDE7B",,"SBSPON",,,,,,,,,,,"IL1RL1","CNTNAP3B"
,,"KAZALD1",,"MRVI1","FYN",,"GMPPB",,,,,,,"MRNIP","IVNS1ABP",,,,"TBX3","UGCG","JAM2","ADAMTS2",,,,,,,,,"MIS18BP1","CLIC2",,"ADAM23","TENM2",,"VASP",,,"SLC5A11","CLTA","NCKAP5","SMOC2",,"ALKAL2",,,,,,,,,,,"NFATC1","PRKCH"
,,"",,"PRDM16","NCAN",,"PREB",,,,,,,"SMIM41","MAPK11",,,,"ZKSCAN1","APCDD1","PTGDR","CKAP4",,,,,,,,,"HERC5","REPIN1",,"ARNTL2","THSD7B",,"ICAM3",,,"DPYSL2","SFRP1","KLF12","GJC1",,"CSDC2",,,,,,,,,,,"CFAP161","AFDN"
,,,,"PRODH","TGFB2",,"MOGS",,,,,,,"TREH","FCN3",,,,"NDUFB7","TFPI","FXYD1","RUNX1",,,,,,,,,"GPN3","RFTN1",,"CFAP221","MAF",,"ARPC5",,,"ELAVL3","TPRN","CNTNAP5","SLC6A12",,"FADS3",,,,,,,,,,,"SGMS2","RIN2"
,,,,"GPD2","ZHX3",,"RPS6KB2",,,,,,,"TFF3","CCDC85C",,,,"GADD45G","NOP10","NFKBIZ","PPIB",,,,,,,,,"NAGA","TNFSF13B",,"DCLK1","AFF2",,"DRAP1",,,"PADI2","DCTN1","AGAP1","HES4",,"AOC3",,,,,,,,,,,"","ST8SIA6"
,,,,"SLC25A18","PLSCR4",,"",,,,,,,"DCDC2C","FIBCD1",,,,"FAM89A","PLOD1","ARHGAP20","COL7A1",,,,,,,,,"RPS6KA1","REL",,"SLC35F3","CALB2",,"PTPN6",,,"RHOU","JOSD2","PDZD2","TESC",,"TENT5B",,,,,,,,,,,,"ANKS1A"
,,,,"BBS2","BMPR1A",,,,,,,,,"C1QTNF7","TMEM233",,,,"PRXL2A","QPCT","CRABP2","DIO2",,,,,,,,,"SHMT1","ATF5",,"CELF2","NPTXR",,"TKT",,,"TPPP3","TMED10","EPN2","GRK5",,"HSPB7",,,,,,,,,,,,"PROM1"
,,,,"IQCA1","TRAK1",,,,,,,,,"EBF2","ATAD3C",,,,"GPR146","ATP6V1G1","GTF2I","P4HA2",,,,,,,,,"TMEM107","CD40",,"NELL2","TENM3",,"ADGRE2",,,"USH1C","TRAPPC2L","MEGF11","ANO3",,"JPH2",,,,,,,,,,,,"SYNE2"
,,,,"ASPH","ARAP2",,,,,,,,,"SLC13A4","SPTBN5",,,,"CAV2","TGFB1I1","SLC38A2","GLRX",,,,,,,,,"TLR1","OSTF1",,"PACSIN1","ADAMTS6",,"ABRACL",,,"LRP2","SPATA13","CHST11","BCL2",,"PGAM2",,,,,,,,,,,,"USP6NL"
,,,,"GRIN2C","NPL",,,,,,,,,"ZSWIM3","",,,,"ATXN7L3B","ANTXR1","TGFBR3","HAS2",,,,,,,,,"NRROS","ATOX1",,"PCDH7","SLC2A13",,"ABI3",,,"B3GAT1","CUTA","DNM3","ZIC1",,"",,,,,,,,,,,,"ATP7B"
,,,,"RAPGEF3","ANKFN1",,,,,,,,,"SLC22A2",,,,,"SLC52A3","CSPG4","ADAM12","CXCL1",,,,,,,,,"APOBEC3B","GLIPR2",,"PPP2R2C","KMO",,"LYN",,,"BACE1","RAB4B","SCN1A","COL4A3",,,,,,,,,,,,,,"GCNT1"
,,,,"ANKDD1A","HEPN1",,,,,,,,,"MOV10L1",,,,,"IMPDH1","GRPEL2","EGFL6","MEDAG",,,,,,,,,"MILR1","RAP2B",,"SLC4A10","DNAH14",,"FGR",,,"NDRG1","TXNL4A","GRIK1","KLHL23",,,,,,,,,,,,,,"GRB10"
,,,,"FREM2","PHACTR3",,,,,,,,,"TTC23",,,,,"TMEM88","IQGAP2","LMO4","SPHK1",,,,,,,,,"STAC3","CCL19",,"AK5","ELAVL2",,"NAAA",,,"BOK","PYCR2","NCAM1","GRAMD2B",,,,,,,,,,,,,,"KLHL5"
,,,,"EYA2","ACACB",,,,,,,,,"",,,,,"MINDY2","ITPRIPL2","CLMP","NARS",,,,,,,,,"HPSE","HLA-F",,"CNKSR2","ATP1A3",,"CD300E",,,"FAM124A","PRKCSH","LRRN1","SNTB1",,,,,,,,,,,,,,"NKD1"
,,,,"SLC27A1","ECHDC2",,,,,,,,,,,,,,"PALM2-AKAP2","SYNM","SH3PXD2A","GPX8",,,,,,,,,"STEAP3","KIF2A",,"GABRA3","KCNA3",,"SCIMP",,,"PRR18","ITPK1","SORCS1","AXL",,,,,,,,,,,,,,"ITGA6"
,,,,"LPIN1","RNF182",,,,,,,,,,,,,,"BNIP2","LZTS1","SPTLC3","HTRA3",,,,,,,,,"RNASE3","RAB8B",,"NDFIP2","NPAS1",,"GPBAR1",,,"VXN","PLIN3","CHD7","EVA1C",,,,,,,,,,,,,,"TIE1"
,,,,"PAPLN","KIAA1958",,,,,,,,,,,,,,"GCC2","NES","SLC16A9","ALDH1A3",,,,,,,,,"SLC37A4","NFKB1",,"NIPAL2","CACNA1D",,"JAML",,,"ZNF488","PYGB","DOCK10","FAM162B",,,,,,,,,,,,,,"INPP5D"
,,,,"LGI4","IQCK",,,,,,,,,,,,,,"SORBS3","SPINK8","CTSK","WNT5A",,,,,,,,,"TMEM52B","PTGES2",,"CPO","FSTL5",,"LILRB1",,,"ARHGAP23","ST3GAL4","ASTN2","GPRC5C",,,,,,,,,,,,,,"PPFIBP1"
,,,,"AIFM3","EMID1",,,,,,,,,,,,,,"TNFSF12","ATP5F1B","LIMA1","MORF4L2",,,,,,,,,"GPR84","FAM118A",,"HCN1","SPOCK3",,"CASP1",,,"CELSR2","FAM177A1","TMEM132D","ARHGAP6",,,,,,,,,,,,,,"PIAS1"
,,,,"PLIN5","ZMAT1",,,,,,,,,,,,,,"DDX24","GALNT1","PTPN13","MME",,,,,,,,,"HPS3","KYNU",,"HECW1","CAMK2N2",,"FMNL1",,,"GNAI1","TMC7","SORCS3","HIP1",,,,,,,,,,,,,,"LEF1"
,,,,"DCHS2","SEMA3A",,,,,,,,,,,,,,"KIAA0040","AGRN","BMP5","TMED3",,,,,,,,,"ADCK2","ANXA7",,"KALRN","RANBP17",,"HCK",,,"SCARB2","SLC25A4","SPATA6","FOXD1",,,,,,,,,,,,,,"NPIPB13"
,,,,"PHF21B","TULP3",,,,,,,,,,,,,,"OGA","PALD1","FZD7","STMP1",,,,,,,,,"PHKG2","PSMB8",,"SLC17A7","NYAP2",,"MYO1F",,,"LIPE","SREBF1","CTTNBP2","FKBP5",,,,,,,,,,,,,,"USP54"
,,,,"GPT2","ANO8",,,,,,,,,,,,,,"GIMAP1","C1orf54","SULF2","P3H1",,,,,,,,,"","RHOF",,"ERC2","ROBO1",,"LILRB3",,,"SLC6A8","SSNA1","KCNH8","ABCC9",,,,,,,,,,,,,,"XAF1"
,,,,"TRIL","NADK2",,,,,,,,,,,,,,"RPGR","GUCY1B1","CCDC80","PYCR1",,,,,,,,,,"CD84",,"JPH1","SCG2",,"C19orf38",,,"SPTLC2","SLC35D2","NOVA1","FHL5",,,,,,,,,,,,,,"LSS"
,,,,"SUGCT","KREMEN1",,,,,,,,,,,,,,"CYB5R3","FRMD4B","PPP1CB","FAM20C",,,,,,,,,,"TMEM176A",,"LINGO2","FGF13",,"CD44",,,"ZDHHC9","MIEN1","SCD5","PTGDR2",,,,,,,,,,,,,,"RNF115"
,,,,"","IL17RB",,,,,,,,,,,,,,"TMEM35B","HES1","ADAMTSL1","TARS",,,,,,,,,,"ANXA6",,"LNX1","ADRA1B",,"ADGRE5",,,"DTX4","ANKRD65","COL11A1","RNF152",,,,,,,,,,,,,,"SLC1A1"
,,,,,"ADHFE1",,,,,,,,,,,,,,"SYPL1","FAM43A","BOC","TMEM258",,,,,,,,,,"CSF2RB",,"SLC8A1","AFAP1",,"SLC7A7",,,"SECISBP2L","CYB5R2","PID1","KCNE4",,,,,,,,,,,,,,"GPR85"
,,,,,"SNCAIP",,,,,,,,,,,,,,"NDUFB8","LIMS1","FOXC2","STRA6",,,,,,,,,,"IL13RA1",,"SYBU","CLVS1",,"PLAC8",,,"DNAH17","STX4","NAV1","TINAGL1",,,,,,,,,,,,,,"CDYL2"
,,,,,"TET1",,,,,,,,,,,,,,"TMBIM4","PSMD8","DAB2","TNFRSF6B",,,,,,,,,,"TRADD",,"ADD2","DOK6",,"S1PR4",,,"LDB3","ROM1","PPP1R9A","C2CD2",,,,,,,,,,,,,,"RHOBTB1"
,,,,,"",,,,,,,,,,,,,,"PURA","FILIP1","ALDH3A2","PDLIM7",,,,,,,,,,"IDO1",,"NPTX1","HUNK",,"RNF149",,,"NIPAL3","DAZAP2","SGCZ","RASL11A",,,,,,,,,,,,,,"TBL1X"
,,,,,,,,,,,,,,,,,,,"MAP4K2","MYADM","SH3BP5","EVA1A",,,,,,,,,,"ITGA4",,"PDE2A","IL12RB2",,"ITGAL",,,"GPR62","GOLGA7","COL9A1","SNRK",,,,,,,,,,,,,,"ARHGAP31"
,,,,,,,,,,,,,,,,,,,"MRPL14","CHST2","CPXM2","YIF1A",,,,,,,,,,"ATP6V0E1",,"PPFIA2","ZNF804A",,"COX6B1",,,"ZCCHC24","PIR","NTNG1","CYSLTR2",,,,,,,,,,,,,,"KDM7A"
,,,,,,,,,,,,,,,,,,,"NDUFA7","FOXQ1","FAT4","NDUFS5",,,,,,,,,,"PLGRKT",,"RAPGEF4","GRIN2D",,"PIK3AP1",,,"GLTP","SHB","NLGN4X","GPER1",,,,,,,,,,,,,,"ADIPOR2"
,,,,,,,,,,,,,,,,,,,"TSTA3","MIDN","CYP4X1","TMEM208",,,,,,,,,,"WIPF1",,"TMEM155","RGS8",,"LTA4H",,,"HOXD1","EMC2","ZNF462","SLC12A7",,,,,,,,,,,,,,"EGFR"
,,,,,,,,,,,,,,,,,,,"MATN3","ECM1","CCDC71L","MSC",,,,,,,,,,"STK4",,"CHSY3","SLC24A3",,"ATG3",,,"RTKN","NANOS1","ZFPM2","DISC1",,,,,,,,,,,,,,"IRAK3"
,,,,,,,,,,,,,,,,,,,"TMEM50B","MXRA7","CPQ","TMEM263",,,,,,,,,,"DUSP5",,"KSR2","ZNF385D",,"LFNG",,,"ARHGEF2","","DNER","CRYBG3",,,,,,,,,,,,,,"EEPD1"
,,,,,,,,,,,,,,,,,,,"FBXO21","FJX1","GXYLT2","ROR2",,,,,,,,,,"MAP3K14",,"SEC14L5","CALY",,"LRRFIP1",,,"KANK4",,"KAT2B","PDE8A",,,,,,,,,,,,,,"RASGRF2"
,,,,,,,,,,,,,,,,,,,"B3GNT2","PTPN12","COPZ2","COX16",,,,,,,,,,"TSTD1",,"ABCA6","NPY1R",,"SLC24A4",,,"ENDOD1",,"SEZ6L","RAPH1",,,,,,,,,,,,,,"SERINC5"
,,,,,,,,,,,,,,,,,,,"SHROOM1","TNFAIP8L1","RFLNA","SAA1",,,,,,,,,,"DSC2",,"KCNJ6","GRIP2",,"PFDN5",,,"GAMT",,"ALK","COL4A4",,,,,,,,,,,,,,"RAPGEF1"
,,,,,,,,,,,,,,,,,,,"GIMAP6","SHC1","TBX15","TWIST2",,,,,,,,,,"KDM2B",,"KIAA0319","ARHGAP28",,"LILRA2",,,"ZFYVE16",,"ZSWIM6","TRPC6",,,,,,,,,,,,,,"RASSF8"
,,,,,,,,,,,,,,,,,,,"CHMP5","MAP1LC3B","TMEM30B","MRPL23",,,,,,,,,,"LY75",,"TANC2","SHISA8",,"SNX18",,,"SLC6A9",,"UST","CDC42EP4",,,,,,,,,,,,,,"LMBR1"
,,,,,,,,,,,,,,,,,,,"GPD1L","PCDH18","DSP","BOLA2",,,,,,,,,,"PIM3",,"CXADR","HRH3",,"CPPED1",,,"NDE1",,"ZEB1","ELOVL5",,,,,,,,,,,,,,"ANKRD44"
,,,,,,,,,,,,,,,,,,,"SIGIRR","OS9","PRDM6","IRX3",,,,,,,,,,"SEC61B",,"GALNT14","VSTM2L",,"LILRA1",,,"SGK3",,"KIF26B","ZNF703",,,,,,,,,,,,,,"PPARD"
,,,,,,,,,,,,,,,,,,,"SURF1","IQGAP1","FMOD","P4HA3",,,,,,,,,,"CCL22",,"GRIA4","CNTN3",,"LAMTOR4",,,"PRRG1",,"ADAMTS17","DENND2A",,,,,,,,,,,,,,"UNC13B"
,,,,,,,,,,,,,,,,,,,"SMIM10","DEGS1","SMPDL3A","ALDH18A1",,,,,,,,,,"CCNG2",,"SYT7","IGSF3",,"CSK",,,"EVI5L",,"PTPRT","NBPF10",,,,,,,,,,,,,,"PAM"
,,,,,,,,,,,,,,,,,,,"CALCOCO2","HEYL","EPHX1","TM9SF1",,,,,,,,,,"SLCO5A1",,"EFNA5","NSG1",,"MAPKAPK3",,,"PSRC1",,"TENM1","NBPF20",,,,,,,,,,,,,,"GRAPL"
,,,,,,,,,,,,,,,,,,,"SLC16A2","SPSB1","PFN2","TBC1D8B",,,,,,,,,,"NMRK1",,"HECW2","CHRNA2",,"PRAM1",,,"LDOC1",,"OPHN1","GRK3",,,,,,,,,,,,,,"RGPD5"
,,,,,,,,,,,,,,,,,,,"STX16","RASL12","SVEP1","ZNF593",,,,,,,,,,"TMEM176B",,"HTR4","TOX3",,"SLC2A6",,,"SHISA4",,"IL1RAP","AKAP1",,,,,,,,,,,,,,"MEF2A"
,,,,,,,,,,,,,,,,,,,"EIF2AK2","RALA","C16orf89","IQCG",,,,,,,,,,"MOB1B",,"MBNL2","TAC3",,"ITGAX",,,"BEST1",,"STK32A","RRAD",,,,,,,,,,,,,,"ARFGEF2"
,,,,,,,,,,,,,,,,,,,"VPS36","ADAM9","MEOX2","DENND10",,,,,,,,,,"TNFAIP2",,"PPARGC1A","KCNK2",,"MTRNR2L12",,,"TMEM165",,"ATP10B","STAC",,,,,,,,,,,,,,"SRGAP2B"
,,,,,,,,,,,,,,,,,,,"CCDC141","FAT1","PLTP","ENTPD7",,,,,,,,,,"PSMB4",,"PPP1R16B","SLC32A1",,"MYD88",,,"DNAJB2",,"MTSS1","SLC2A4",,,,,,,,,,,,,,"SLC22A23"
,,,,,,,,,,,,,,,,,,,"NUDT16","GNB1","WDR86","AARSD1",,,,,,,,,,"BTN2A2",,"CNTN4","SLC8A3",,"TCIRG1",,,"SLC25A13",,"FHIT","ADRA2C",,,,,,,,,,,,,,"SRGAP2"
,,,,,,,,,,,,,,,,,,,"STARD3","KCNJ8","BMP4","FSTL3",,,,,,,,,,"TRAF1",,"HRH2","KCNB2",,"NUP214",,,"FDFT1",,"MPPED2","GTF2IRD2B",,,,,,,,,,,,,,"FOXO3"
,,,,,,,,,,,,,,,,,,,"RAD23A","COLGALT1","CTSL","BET1L",,,,,,,,,,"CBX6",,"SPTBN4","NPR3",,"ARHGAP30",,,"CPOX",,"GPC6","ANPEP",,,,,,,,,,,,,,"LIMS2"
,,,,,,,,,,,,,,,,,,,"HSPA12B","OLFML2A","PRSS35","",,,,,,,,,,"POGLUT1",,"STAT4","SHISA6",,"RARA",,,"BBX",,"BCHE","REM1",,,,,,,,,,,,,,"ABLIM3"
,,,,,,,,,,,,,,,,,,,"CBX7","KITLG","TMOD1",,,,,,,,,,,"ISCU",,"ARHGAP44","LRFN2",,"AGTRAP",,,"ARHGEF37",,"USP24","ZBTB46",,,,,,,,,,,,,,"SRGAP2C"
,,,,,,,,,,,,,,,,,,,"NUDT14","MPRIP","VCAM1",,,,,,,,,,,"TRIP10",,"CDH18","ARNT2",,"RXRA",,,"PSEN1",,"FERMT1","SPDYE17",,,,,,,,,,,,,,"RBM20"
,,,,,,,,,,,,,,,,,,,"TRIM56","LAYN","DMKN",,,,,,,,,,,"HMSD",,"PTPRR","ARX",,"SECTM1",,,"OTUD7B",,"CHL1","MAP2K6",,,,,,,,,,,,,,"EXPH5"
,,,,,,,,,,,,,,,,,,,"IFIT3","ZNF503","NHSL2",,,,,,,,,,,"CD274",,"SLIT3","CNTN5",,"OAS1",,,"FAHD2B",,"PDZRN4","RGL3",,,,,,,,,,,,,,"TMCC3"
,,,,,,,,,,,,,,,,,,,"PHAX","PAK2","ASS1",,,,,,,,,,,"VDAC2",,"TENM4","PTPRO",,"LYPD2",,,"RNF220",,"NAV2","ARHGAP17",,,,,,,,,,,,,,"RGPD8"
,,,,,,,,,,,,,,,,,,,"PMF1","UNC5B","FOXD2",,,,,,,,,,,"FLT3",,"CACNB4","CNR1",,"MAP2K3",,,"TJAP1",,"ATP2B4","BACH1",,,,,,,,,,,,,,"RBMS2"
,,,,,,,,,,,,,,,,,,,"CTBS","GRAP","SDC2",,,,,,,,,,,"LGALS2",,"MICAL2","SLC10A4",,"HK3",,,"ALDH6A1",,"RFTN2","GOLGA8M",,,,,,,,,,,,,,"CEP112"
,,,,,,,,,,,,,,,,,,,"NOC3L","HBEGF","EFEMP2",,,,,,,,,,,"HLA-DOA",,"OLFM3","TSPAN7",,"DOCK2",,,"CCNQ",,"PEAK1","PIK3CD",,,,,,,,,,,,,,"FLI1"
,,,,,,,,,,,,,,,,,,,"ERVK3-1","PDLIM2","EGFLAM",,,,,,,,,,,"ERICH1",,"RBFOX3","PTHLH",,"RGS18",,,"SGK2",,"RAB3IP","UPB1",,,,,,,,,,,,,,"SHROOM2"
,,,,,,,,,,,,,,,,,,,"HSBP1L1","WIPI1","METTL7A",,,,,,,,,,,"ZDHHC18",,"TRPM2","SOBP",,"ARHGAP27",,,"NPC1",,"MYO16","MELTF",,,,,,,,,,,,,,"PTPN14"
,,,,,,,,,,,,,,,,,,,"TPST2","HNRNPDL","CMBL",,,,,,,,,,,"ANTXR2",,"UBE2E2","UBASH3B",,"APOBEC3A",,,"TOB2",,"SLC9A9","ZIC4",,,,,,,,,,,,,,"SMCHD1"
,,,,,,,,,,,,,,,,,,,"PRSS3","RFC1","RND3",,,,,,,,,,,"EPSTI1",,"MAN1A1","KCNG2",,"DOK2",,,"CIPC",,"PLEKHH2","BICRAL",,,,,,,,,,,,,,"SGPP2"
,,,,,,,,,,,,,,,,,,,"IGFBP1","BCLAF1","ITGBL1",,,,,,,,,,,"CEP350",,"NEURL1","PCDH11X",,"RASSF5",,,"MAN2A2",,"TCF12","TP63",,,,,,,,,,,,,,"SH3BP4"
,,,,,,,,,,,,,,,,,,,"PYURF","VSTM4","FLRT3",,,,,,,,,,,"MREG",,"PRKCB","RAB3B",,"FGD2",,,"NECTIN1",,"ZNF521","RADIL",,,,,,,,,,,,,,"SLCO3A1"
,,,,,,,,,,,,,,,,,,,"SULT1C4","COPS6","TSPAN4",,,,,,,,,,,"MVP",,"SEMA5B","DOCK11",,"GSTK1",,,"DENND5A",,"NTRK3","ADORA2A",,,,,,,,,,,,,,"COP1"
,,,,,,,,,,,,,,,,,,,"TMEM243","SSU72","FMO1",,,,,,,,,,,"PTPN2",,"TMEM132B","LGI2",,"NBEAL2",,,"CBX4",,"POU6F2","PHLDB3",,,,,,,,,,,,,,"BABAM2"
,,,,,,,,,,,,,,,,,,,"CBLL1","MSMP","MN1",,,,,,,,,,,"TAF10",,"BCL11B","TTC28",,"STK10",,,"RNF141",,"GAB1","TMC4",,,,,,,,,,,,,,"TBC1D22A"
,,,,,,,,,,,,,,,,,,,"DYNLL2","REST","CPXM1",,,,,,,,,,,"SPIB",,"BRINP1","PPP1R1C",,"CD300LF",,,"MPP2",,"C10orf90","ABO",,,,,,,,,,,,,,"DEPTOR"
,,,,,,,,,,,,,,,,,,,"GAS2L1","TRAM1","COL16A1",,,,,,,,,,,"CIITA",,"EML6","RELN",,"PLAGL2",,,"C12orf76",,"CASK","FMO3",,,,,,,,,,,,,,"FOXN3"
,,,,,,,,,,,,,,,,,,,"PCNP","CFAP20","PROS1",,,,,,,,,,,"ODF3B",,"PLXNA4","B4GALT6",,"PLCB2",,,"EFS",,"DGKG","MYL3",,,,,,,,,,,,,,"PAQR5"
,,,,,,,,,,,,,,,,,,,"C7orf50","PLS3","ALDH7A1",,,,,,,,,,,"MOB1A",,"CLEC2L","TIAM1",,"UNC119",,,"MTMR10",,"MAP3K1","MFSD4B",,,,,,,,,,,,,,"DAB2IP"
,,,,,,,,,,,,,,,,,,,"C1orf115","PLK2","GJB2",,,,,,,,,,,"DBNL",,"GRIK4","ADRA1A",,"TNFRSF14",,,"DHCR7",,"PDGFC","SLC6A16",,,,,,,,,,,,,,"FGD6"
,,,,,,,,,,,,,,,,,,,"KLF11","CDC42EP3","SYNGR1",,,,,,,,,,,"FLOT1",,"KCNQ3","REEP1",,"BID",,,"MFSD14A",,"ABHD2","CATSPER2",,,,,,,,,,,,,,"DENND3"
,,,,,,,,,,,,,,,,,,,"CASTOR1","CCND2","FGFRL1",,,,,,,,,,,"SNN",,"MEF2C","GULP1",,"SH3BP2",,,"LRRC63",,"STK32B","OBSCN",,,,,,,,,,,,,,"NXN"
,,,,,,,,,,,,,,,,,,,"CEBPG","KLF10","SLPI",,,,,,,,,,,"MMD",,"SVOP","SYT10",,"TNFRSF8",,,"TTLL4",,"TNK2","OR7C1",,,,,,,,,,,,,,"MAML3"
,,,,,,,,,,,,,,,,,,,"AXIN2","MMP28","SEMA3C",,,,,,,,,,,"TRAF5",,"CFAP46","HPCAL4",,"PTPN18",,,"PCYT2",,"LRRK2","IQCN",,,,,,,,,,,,,,"PRTG"
,,,,,,,,,,,,,,,,,,,"RBM4","ADA","MAFF",,,,,,,,,,,"BLVRA",,"CNNM1","POLB",,"CEACAM3",,,"",,"SEMA3E","",,,,,,,,,,,,,,"SYT15"
,,,,,,,,,,,,,,,,,,,"DEAF1","CRTAP","PPIC",,,,,,,,,,,"BCL2L14",,"ENOX1","UNC13C",,"ACAA1",,,,,"TMEM163",,,,,,,,,,,,,,,"PXN"
,,,,,,,,,,,,,,,,,,,"CLK1","MAGED2","GJB6",,,,,,,,,,,"GCA",,"FOCAD","PTPRE",,"BTK",,,,,"MAP4K5",,,,,,,,,,,,,,,"CNOT6L"
,,,,,,,,,,,,,,,,,,,"ZNF322","LATS2","GLT8D2",,,,,,,,,,,"LRRK1",,"KCNH1","ZSWIM5",,"LYL1",,,,,"NTN1",,,,,,,,,,,,,,,"HERC6"
,,,,,,,,,,,,,,,,,,,"ZFYVE21","KDM6B","ANO6",,,,,,,,,,,"MALT1",,"OTUD7A","PIP5K1B",,"RELT",,,,,"NAALADL2",,,,,,,,,,,,,,,"NKTR"
,,,,,,,,,,,,,,,,,,,"MRPS18B","LRRC36","MEST",,,,,,,,,,,"NDUFV2",,"SNCA","NCALD",,"CYTH4",,,,,"CECR2",,,,,,,,,,,,,,,"LMNTD1"
,,,,,,,,,,,,,,,,,,,"PRKAB1","GPR4","NDNF",,,,,,,,,,,"TVP23A",,"VSNL1","CNTNAP4",,"TLR8",,,,,"KLHL1",,,,,,,,,,,,,,,"TIPARP"
,,,,,,,,,,,,,,,,,,,"SPSB3","TSPAN6","CFB",,,,,,,,,,,"AOC1",,"ZFR2","ENTPD3",,"VAV1",,,,,"ZDHHC14",,,,,,,,,,,,,,,"DENND2C"
,,,,,,,,,,,,,,,,,,,"HELZ2","NCK2","SAMD11",,,,,,,,,,,"H6PD",,"CLSTN2","IL1RAPL2",,"DPEP2",,,,,"IGSF21",,,,,,,,,,,,,,,"KLF7"
,,,,,,,,,,,,,,,,,,,"SLC31A1","PAPOLA","PTPRF",,,,,,,,,,,"NFKB2",,"HTR2A","ZMAT4",,"SIRPB1",,,,,"SCN9A",,,,,,,,,,,,,,,"CLIC5"
,,,,,,,,,,,,,,,,,,,"CHST12","SLC27A3","FAM20A",,,,,,,,,,,"BCL2L11",,"NWD2","RGS12",,"GIMAP2",,,,,"COBL",,,,,,,,,,,,,,,"TENT2"
,,,,,,,,,,,,,,,,,,,"HAGH","KIT","CDH1",,,,,,,,,,,"GPR132",,"SLC24A2","KCNAB1",,"G6PD",,,,,"KIZ",,,,,,,,,,,,,,,"PRH1"
,,,,,,,,,,,,,,,,,,,"FLYWCH2","EIF3J","MSX1",,,,,,,,,,,"PDCD1LG2",,"CPLX1","GRM1",,"TRIM14",,,,,"CHST9",,,,,,,,,,,,,,,"PCNX1"
,,,,,,,,,,,,,,,,,,,"FAM120AOS","JAG1","PGRMC1",,,,,,,,,,,"SIAH2",,"GRID1","N4BP2",,"NAGK",,,,,"SYT17",,,,,,,,,,,,,,,"RSAD2"
,,,,,,,,,,,,,,,,,,,"GPS2","FAM133B","PLA2R1",,,,,,,,,,,"GPR137B",,"GUCY1A2","SYN3",,"ARAP1",,,,,"ARHGAP22",,,,,,,,,,,,,,,"FCHO2"
,,,,,,,,,,,,,,,,,,,"MARVELD2","PELO","ZIC2",,,,,,,,,,,"P2RY10",,"KIAA1217","FRMPD3",,"OSCAR",,,,,"TAOK3",,,,,,,,,,,,,,,"WWC2"
,,,,,,,,,,,,,,,,,,,"ACAT1","HIC1","AMOTL2",,,,,,,,,,,"IRF4",,"MYO1D","ZEB2",,"NAPRT",,,,,"CMYA5",,,,,,,,,,,,,,,"NEK5"
,,,,,,,,,,,,,,,,,,,"ATL3","SAMD14","C2",,,,,,,,,,,"TNFRSF11A",,"PPFIA4","PRKCE",,"PNPLA6",,,,,"CA8",,,,,,,,,,,,,,,"RAP1A"
,,,,,,,,,,,,,,,,,,,"OAS3","KLF13","P3H3",,,,,,,,,,,"SNX20",,"SCN8A","CRH",,"",,,,,"CACNG5",,,,,,,,,,,,,,,"ZNF366"
,,,,,,,,,,,,,,,,,,,"POLR3GL","PARVA","CCNL1",,,,,,,,,,,"IL6R",,"TRHDE","EXT1",,,,,,,"GALNT10",,,,,,,,,,,,,,,"DDX60L"
,,,,,,,,,,,,,,,,,,,"SNAPC5","UBE2L3","MAN1C1",,,,,,,,,,,"CCDC28B",,"GLRB","PARP8",,,,,,,"FAM110B",,,,,,,,,,,,,,,"MYO5C"
,,,,,,,,,,,,,,,,,,,"ODR4","NODAL","CTSF",,,,,,,,,,,"CCL17",,"LPCAT4","KBTBD6",,,,,,,"SAMD4A",,,,,,,,,,,,,,,"BCAR3"
,,,,,,,,,,,,,,,,,,,"KAT8","ATF4","FZD1",,,,,,,,,,,"TNFAIP8",,"PDZD7","SCAPER",,,,,,,"FOXN2",,,,,,,,,,,,,,,"DGLUCY"
,,,,,,,,,,,,,,,,,,,"FBXO25","KPNA4","ARL4D",,,,,,,,,,,"EHBP1L1",,"PRKCZ","GREB1L",,,,,,,"CBFB",,,,,,,,,,,,,,,"STAT1"
,,,,,,,,,,,,,,,,,,,"NTHL1","SH2B3","SELENBP1",,,,,,,,,,,"BET1",,"KIAA1549L","NDST4",,,,,,,"AMZ1",,,,,,,,,,,,,,,"EFHC1"
,,,,,,,,,,,,,,,,,,,"PRPF38A","TBXA2R","PABPN1",,,,,,,,,,,"GCSAM",,"CHST15","GAB2",,,,,,,"DISP1",,,,,,,,,,,,,,,"CASS4"
,,,,,,,,,,,,,,,,,,,"CCL14","FOXS1","PDGFRL",,,,,,,,,,,"PTGIR",,"PTPN5","BACH2",,,,,,,"PYGO1",,,,,,,,,,,,,,,"CERT1"
,,,,,,,,,,,,,,,,,,,"FBXL6","MPZL1","PLPP3",,,,,,,,,,,"ORAI1",,"MPP7","SCN7A",,,,,,,"TGFA",,,,,,,,,,,,,,,"TASOR2"
,,,,,,,,,,,,,,,,,,,"C15orf40","NRARP","PLPPR4",,,,,,,,,,,"RAB11FIP1",,"SLC6A17","HTR1F",,,,,,,"GSG1L",,,,,,,,,,,,,,,"RREB1"
,,,,,,,,,,,,,,,,,,,"CCNT1","SEC31A","CLIC6",,,,,,,,,,,"LOR",,"SRRM3","NINL",,,,,,,"MROH9",,,,,,,,,,,,,,,"SLFN12L"
,,,,,,,,,,,,,,,,,,,"SAP30L","TP53","DDR2",,,,,,,,,,,"FBXO6",,"ASXL3","VAV2",,,,,,,"KCNJ16",,,,,,,,,,,,,,,"JADE3"
,,,,,,,,,,,,,,,,,,,"BOD1","CAPN2","PLD3",,,,,,,,,,,"TRAFD1",,"CRYM","GPR137C",,,,,,,"RCBTB1",,,,,,,,,,,,,,,"ITPR3"
,,,,,,,,,,,,,,,,,,,"CBFA2T3","GOLM1","SLC7A8",,,,,,,,,,,"JAK3",,"RAB26","SMIM17",,,,,,,"GFRA1",,,,,,,,,,,,,,,"CA5B"
,,,,,,,,,,,,,,,,,,,"MRPS18C","CASP3","MFAP5",,,,,,,,,,,"SLC15A3",,"ABCA10","LRRC39",,,,,,,"C3orf70",,,,,,,,,,,,,,,"SHLD1"
,,,,,,,,,,,,,,,,,,,"NAGS","WLS","DDB1",,,,,,,,,,,"ZC3H7B",,"BMPER","OPRK1",,,,,,,"RHBDL3",,,,,,,,,,,,,,,"VRK2"
,,,,,,,,,,,,,,,,,,,"DOC2B","NXPH4","SELENOT",,,,,,,,,,,"P2RY8",,"NXPH2","PCP4L1",,,,,,,"NOS1",,,,,,,,,,,,,,,"IFIH1"
,,,,,,,,,,,,,,,,,,,"TCF15","GOLIM4","TSPAN18",,,,,,,,,,,"YPEL5",,"SORL1","SST",,,,,,,"MATN2",,,,,,,,,,,,,,,"MEGF6"
,,,,,,,,,,,,,,,,,,,"OARD1","BOD1L1","CYP3A5",,,,,,,,,,,"UBE2F",,"TMEM232","HS3ST5",,,,,,,"USP43",,,,,,,,,,,,,,,"NOD1"
,,,,,,,,,,,,,,,,,,,"SRP68","KIRREL1","DNASE1L3",,,,,,,,,,,"ASMTL",,"CAMK4","SYNGR3",,,,,,,"PCMTD2",,,,,,,,,,,,,,,"DDX60"
,,,,,,,,,,,,,,,,,,,"BTBD6","UBTD1","SESN3",,,,,,,,,,,"EBI3",,"HOOK1","LY6H",,,,,,,"MITF",,,,,,,,,,,,,,,"PARP12"
,,,,,,,,,,,,,,,,,,,"CA5A","TMEM132A","MRGPRF",,,,,,,,,,,"HLA-DOB",,"PRICKLE1","DLX2",,,,,,,"VIPR2",,,,,,,,,,,,,,,"VPS50"
,,,,,,,,,,,,,,,,,,,"SHARPIN","TTC9","UGT3A2",,,,,,,,,,,"POLR1D",,"SHANK2","NAP1L3",,,,,,,"CRISPLD1",,,,,,,,,,,,,,,"PRAG1"
,,,,,,,,,,,,,,,,,,,"HDDC3","TAX1BP3","NT5E",,,,,,,,,,,"MAP3K6",,"TMEM178A","DGKD",,,,,,,"FAM184B",,,,,,,,,,,,,,,"NLRC5"
,,,,,,,,,,,,,,,,,,,"TRIM52","TCF25","TCEAL2",,,,,,,,,,,"UBD",,"CACNA2D1","MBOAT2",,,,,,,"SPSB4",,,,,,,,,,,,,,,"RPH3AL"
,,,,,,,,,,,,,,,,,,,"IL17RD","ILK","TMEM205",,,,,,,,,,,"TNFRSF9",,"GAS7","VSTM2A",,,,,,,"ARID2",,,,,,,,,,,,,,,""
,,,,,,,,,,,,,,,,,,,"","REEP5","OLFML1",,,,,,,,,,,"NCCRP1",,"HOMER1","ANKRD6",,,,,,,"NME9",,,,,,,,,,,,,,,
,,,,,,,,,,,,,,,,,,,,"YY1","FGFR1",,,,,,,,,,,"TRABD2A",,"ITGA8","MAST2",,,,,,,"",,,,,,,,,,,,,,,
,,,,,,,,,,,,,,,,,,,,"CCPG1","OBSL1",,,,,,,,,,,"CCM2",,"CABP1","ARHGDIG",,,,,,,,,,,,,,,,,,,,,,
,,,,,,,,,,,,,,,,,,,,"PSMD7","EHD1",,,,,,,,,,,"GTF2E2",,"FAM81A","SEMA6D",,,,,,,,,,,,,,,,,,,,,,
,,,,,,,,,,,,,,,,,,,,"WFS1","GSTM3",,,,,,,,,,,"LMBR1L",,"GAP43","PTPRJ",,,,,,,,,,,,,,,,,,,,,,
,,,,,,,,,,,,,,,,,,,,"SLAIN2","CPAMD8",,,,,,,,,,,"IL15",,"HSPA12A","ABAT",,,,,,,,,,,,,,,,,,,,,,
,,,,,,,,,,,,,,,,,,,,"ARID3A","SULT1A1",,,,,,,,,,,"WDFY4",,"PEX5L","YJEFN3",,,,,,,,,,,,,,,,,,,,,,
,,,,,,,,,,,,,,,,,,,,"SUSD2","CYB5A",,,,,,,,,,,"IAH1",,"SLIT1","KCNA6",,,,,,,,,,,,,,,,,,,,,,
,,,,,,,,,,,,,,,,,,,,"TES","IL11RA",,,,,,,,,,,"ATP6V0A2",,"KCNK1","CBLB",,,,,,,,,,,,,,,,,,,,,,
,,,,,,,,,,,,,,,,,,,,"C2CD4B","SLC35G1",,,,,,,,,,,"ATP11C",,"PBX1","DLX5",,,,,,,,,,,,,,,,,,,,,,
,,,,,,,,,,,,,,,,,,,,"FYTTD1","EYS",,,,,,,,,,,"SCO2",,"ADAM22","PCDH19",,,,,,,,,,,,,,,,,,,,,,
,,,,,,,,,,,,,,,,,,,,"DAPK3","ERBB2",,,,,,,,,,,"PSEN2",,"AMPH","TXNDC16",,,,,,,,,,,,,,,,,,,,,,
,,,,,,,,,,,,,,,,,,,,"SIPA1","RHBDD2",,,,,,,,,,,"MED28",,"DGKB","IRS1",,,,,,,,,,,,,,,,,,,,,,
,,,,,,,,,,,,,,,,,,,,"USP22","SEZ6L2",,,,,,,,,,,"COMTD1",,"HS3ST4","FAM133A",,,,,,,,,,,,,,,,,,,,,,
,,,,,,,,,,,,,,,,,,,,"LRRC32","PRRX2",,,,,,,,,,,"FUOM",,"SLC4A8","P3H2",,,,,,,,,,,,,,,,,,,,,,
,,,,,,,,,,,,,,,,,,,,"TSPAN12","SIX2",,,,,,,,,,,"TRAPPC6A",,"TMEM59L","STAT5B",,,,,,,,,,,,,,,,,,,,,,
,,,,,,,,,,,,,,,,,,,,"CRK","WBP1L",,,,,,,,,,,"VAC14",,"FAM135B","NECAB2",,,,,,,,,,,,,,,,,,,,,,
,,,,,,,,,,,,,,,,,,,,"MYOF","OSR1",,,,,,,,,,,"BATF3",,"PTK2","INPP5F",,,,,,,,,,,,,,,,,,,,,,
,,,,,,,,,,,,,,,,,,,,"FAM204A","DSG2",,,,,,,,,,,"LYSMD2",,"SLC5A8","ARID1B",,,,,,,,,,,,,,,,,,,,,,
,,,,,,,,,,,,,,,,,,,,"BPGM","WDR6",,,,,,,,,,,"BCL3",,"SMPD3","GALNT7",,,,,,,,,,,,,,,,,,,,,,
,,,,,,,,,,,,,,,,,,,,"MAP1S","PTPRU",,,,,,,,,,,"ZFAND6",,"CDK14","ZNF33B",,,,,,,,,,,,,,,,,,,,,,
,,,,,,,,,,,,,,,,,,,,"KCNS3","CLEC1A",,,,,,,,,,,"EDEM1",,"CORO6","ARHGAP12",,,,,,,,,,,,,,,,,,,,,,
,,,,,,,,,,,,,,,,,,,,"CDV3","GABARAPL1",,,,,,,,,,,"CCDC115",,"PCSK2","USP13",,,,,,,,,,,,,,,,,,,,,,
,,,,,,,,,,,,,,,,,,,,"TRPV2","TWIST1",,,,,,,,,,,"CLNS1A",,"ELMOD1","COL25A1",,,,,,,,,,,,,,,,,,,,,,
,,,,,,,,,,,,,,,,,,,,"CISD1","ANXA4",,,,,,,,,,,"SNX11",,"EPB41L4B","NT5DC3",,,,,,,,,,,,,,,,,,,,,,
,,,,,,,,,,,,,,,,,,,,"FRMD8","STAT6",,,,,,,,,,,"RNF19B",,"STMN2","IGDCC3",,,,,,,,,,,,,,,,,,,,,,
,,,,,,,,,,,,,,,,,,,,"C9orf78","ERAP2",,,,,,,,,,,"NMI",,"AFF3","TUBB2A",,,,,,,,,,,,,,,,,,,,,,
,,,,,,,,,,,,,,,,,,,,"MOCS1","FZD2",,,,,,,,,,,"EGLN2",,"IPCEF1","ZNF334",,,,,,,,,,,,,,,,,,,,,,
,,,,,,,,,,,,,,,,,,,,"CBL","PLD1",,,,,,,,,,,"PPP1R9B",,"STXBP5","METAP1D",,,,,,,,,,,,,,,,,,,,,,
,,,,,,,,,,,,,,,,,,,,"DCBLD1","SULT1A2",,,,,,,,,,,"ZNF581",,"SYT13","COCH",,,,,,,,,,,,,,,,,,,,,,
,,,,,,,,,,,,,,,,,,,,"FHL3","SLC26A7",,,,,,,,,,,"C12orf45",,"ADGRL2","BTBD8",,,,,,,,,,,,,,,,,,,,,,
,,,,,,,,,,,,,,,,,,,,"TGFB3","ATP13A3",,,,,,,,,,,"EIF3D",,"DNM1","DACH2",,,,,,,,,,,,,,,,,,,,,,
,,,,,,,,,,,,,,,,,,,,"CSAG1","ING2",,,,,,,,,,,"FBXL15",,"EPB41","LRRC2",,,,,,,,,,,,,,,,,,,,,,
,,,,,,,,,,,,,,,,,,,,"KLHL18","ADI1",,,,,,,,,,,"HPS5",,"RAP1GAP2","MB21D2",,,,,,,,,,,,,,,,,,,,,,
,,,,,,,,,,,,,,,,,,,,"FOXF2","QPRT",,,,,,,,,,,"",,"ATP8A1","CHRM5",,,,,,,,,,,,,,,,,,,,,,
,,,,,,,,,,,,,,,,,,,,"RALBP1","PCNX4",,,,,,,,,,,,,"MARCH4","FREM1",,,,,,,,,,,,,,,,,,,,,,
,,,,,,,,,,,,,,,,,,,,"PRKD2","FGF7",,,,,,,,,,,,,"CACNG3","SLC4A3",,,,,,,,,,,,,,,,,,,,,,
,,,,,,,,,,,,,,,,,,,,"PKIG","TMEM64",,,,,,,,,,,,,"CDH22","CELF6",,,,,,,,,,,,,,,,,,,,,,
,,,,,,,,,,,,,,,,,,,,"SLC39A7","ALX4",,,,,,,,,,,,,"PGM2L1","LRRTM1",,,,,,,,,,,,,,,,,,,,,,
,,,,,,,,,,,,,,,,,,,,"CCR10","C19orf33",,,,,,,,,,,,,"SLC26A3","TEX9",,,,,,,,,,,,,,,,,,,,,,
,,,,,,,,,,,,,,,,,,,,"DDX3X","PKDCC",,,,,,,,,,,,,"CDKL5","GREB1",,,,,,,,,,,,,,,,,,,,,,
,,,,,,,,,,,,,,,,,,,,"ITGA11","RAB34",,,,,,,,,,,,,"DLG1","LDLRAD4",,,,,,,,,,,,,,,,,,,,,,
,,,,,,,,,,,,,,,,,,,,"AMOTL1","VAT1L",,,,,,,,,,,,,"GLS2","CTPS2",,,,,,,,,,,,,,,,,,,,,,
,,,,,,,,,,,,,,,,,,,,"DVL3","CFI",,,,,,,,,,,,,"CLSTN3","GTF2IRD1",,,,,,,,,,,,,,,,,,,,,,
,,,,,,,,,,,,,,,,,,,,"MMP11","H2AFY2",,,,,,,,,,,,,"DGKZ","HTR5A",,,,,,,,,,,,,,,,,,,,,,
,,,,,,,,,,,,,,,,,,,,"ELK1","MARCH5",,,,,,,,,,,,,"GALNT9","L3MBTL1",,,,,,,,,,,,,,,,,,,,,,
,,,,,,,,,,,,,,,,,,,,"F2RL3","ST5",,,,,,,,,,,,,"KLHL4","CACNA2D2",,,,,,,,,,,,,,,,,,,,,,
,,,,,,,,,,,,,,,,,,,,"EGLN1","PER1",,,,,,,,,,,,,"NELL1","LRCH2",,,,,,,,,,,,,,,,,,,,,,
,,,,,,,,,,,,,,,,,,,,"WDR26","LTBP3",,,,,,,,,,,,,"ITGA9","KLHL42",,,,,,,,,,,,,,,,,,,,,,
,,,,,,,,,,,,,,,,,,,,"G3BP2","PLXNB2",,,,,,,,,,,,,"OSBPL6","PPM1K",,,,,,,,,,,,,,,,,,,,,,
,,,,,,,,,,,,,,,,,,,,"MAFG","FUCA2",,,,,,,,,,,,,"TSPAN5","SIAH3",,,,,,,,,,,,,,,,,,,,,,
,,,,,,,,,,,,,,,,,,,,"ARHGEF40","IMPAD1",,,,,,,,,,,,,"WIPF3","GLRA1",,,,,,,,,,,,,,,,,,,,,,
,,,,,,,,,,,,,,,,,,,,"WDR82","PCSK7",,,,,,,,,,,,,"APBA2","NUBPL",,,,,,,,,,,,,,,,,,,,,,
,,,,,,,,,,,,,,,,,,,,"SLC16A6","CDO1",,,,,,,,,,,,,"ARHGAP32","URI1",,,,,,,,,,,,,,,,,,,,,,
,,,,,,,,,,,,,,,,,,,,"AK3","CCS",,,,,,,,,,,,,"GREM2","SLC1A6",,,,,,,,,,,,,,,,,,,,,,
,,,,,,,,,,,,,,,,,,,,"GCLM","WFDC2",,,,,,,,,,,,,"ILDR2","BCL9",,,,,,,,,,,,,,,,,,,,,,
,,,,,,,,,,,,,,,,,,,,"MMP25","EPHX2",,,,,,,,,,,,,"WDR17","MFSD9",,,,,,,,,,,,,,,,,,,,,,
,,,,,,,,,,,,,,,,,,,,"ZMPSTE24","HSPB2",,,,,,,,,,,,,"FAM171A1","SEMA4G",,,,,,,,,,,,,,,,,,,,,,
,,,,,,,,,,,,,,,,,,,,"ORAI2","TNFRSF11B",,,,,,,,,,,,,"MAPT","ZNF292",,,,,,,,,,,,,,,,,,,,,,
,,,,,,,,,,,,,,,,,,,,"KCTD20","C5orf15",,,,,,,,,,,,,"PDE4D","ATAD2B",,,,,,,,,,,,,,,,,,,,,,
,,,,,,,,,,,,,,,,,,,,"PSMD4","PGR",,,,,,,,,,,,,"CPT1C","KCTD13",,,,,,,,,,,,,,,,,,,,,,
,,,,,,,,,,,,,,,,,,,,"DUSP14","CALCOCO1",,,,,,,,,,,,,"FGF9","TMEM182",,,,,,,,,,,,,,,,,,,,,,
,,,,,,,,,,,,,,,,,,,,"EI24","CPLANE1",,,,,,,,,,,,,"GNAO1","PRIMPOL",,,,,,,,,,,,,,,,,,,,,,
,,,,,,,,,,,,,,,,,,,,"SPEN","VLDLR",,,,,,,,,,,,,"STXBP1","TMEM132E",,,,,,,,,,,,,,,,,,,,,,
,,,,,,,,,,,,,,,,,,,,"MFSD12","IGSF10",,,,,,,,,,,,,"MARK1","FNDC3A",,,,,,,,,,,,,,,,,,,,,,
,,,,,,,,,,,,,,,,,,,,"RSRC2","PRDX2",,,,,,,,,,,,,"STX1A","KIDINS220",,,,,,,,,,,,,,,,,,,,,,
,,,,,,,,,,,,,,,,,,,,"TSPAN31","DNAJB4",,,,,,,,,,,,,"ANO5","",,,,,,,,,,,,,,,,,,,,,,
,,,,,,,,,,,,,,,,,,,,"SSB","AOX1",,,,,,,,,,,,,"MMP17",,,,,,,,,,,,,,,,,,,,,,,
,,,,,,,,,,,,,,,,,,,,"SDF4","COL23A1",,,,,,,,,,,,,"EPHA7",,,,,,,,,,,,,,,,,,,,,,,
,,,,,,,,,,,,,,,,,,,,"ZNF580","GSTM5",,,,,,,,,,,,,"EXOC4",,,,,,,,,,,,,,,,,,,,,,,
,,,,,,,,,,,,,,,,,,,,"FOXF1","RAB3IL1",,,,,,,,,,,,,"PPM1L",,,,,,,,,,,,,,,,,,,,,,,
,,,,,,,,,,,,,,,,,,,,"MAN1B1","HEBP1",,,,,,,,,,,,,"SLC12A5",,,,,,,,,,,,,,,,,,,,,,,
,,,,,,,,,,,,,,,,,,,,"SEC63","SHF",,,,,,,,,,,,,"CHD5",,,,,,,,,,,,,,,,,,,,,,,
,,,,,,,,,,,,,,,,,,,,"GOLGA3","TSPYL1",,,,,,,,,,,,,"SLC8A2",,,,,,,,,,,,,,,,,,,,,,,
,,,,,,,,,,,,,,,,,,,,"SMARCA5","GMPR",,,,,,,,,,,,,"CACNA1A",,,,,,,,,,,,,,,,,,,,,,,
,,,,,,,,,,,,,,,,,,,,"SOGA1","NDN",,,,,,,,,,,,,"FAM169A",,,,,,,,,,,,,,,,,,,,,,,
,,,,,,,,,,,,,,,,,,,,"PSMD12","CITED2",,,,,,,,,,,,,"KLHL2",,,,,,,,,,,,,,,,,,,,,,,
,,,,,,,,,,,,,,,,,,,,"RBBP6","CA14",,,,,,,,,,,,,"RGS7BP",,,,,,,,,,,,,,,,,,,,,,,
,,,,,,,,,,,,,,,,,,,,"MEX3D","IL34",,,,,,,,,,,,,"ADCY1",,,,,,,,,,,,,,,,,,,,,,,
,,,,,,,,,,,,,,,,,,,,"MRPL36","TMEM100",,,,,,,,,,,,,"FRAS1",,,,,,,,,,,,,,,,,,,,,,,
,,,,,,,,,,,,,,,,,,,,"INKA1","DCUN1D3",,,,,,,,,,,,,"PKP4",,,,,,,,,,,,,,,,,,,,,,,
,,,,,,,,,,,,,,,,,,,,"MAP3K7CL","STEAP4",,,,,,,,,,,,,"SORCS2",,,,,,,,,,,,,,,,,,,,,,,
,,,,,,,,,,,,,,,,,,,,"NDUFV3","TSPYL2",,,,,,,,,,,,,"ANKRD18A",,,,,,,,,,,,,,,,,,,,,,,
,,,,,,,,,,,,,,,,,,,,"NSRP1","THNSL2",,,,,,,,,,,,,"LIN28B",,,,,,,,,,,,,,,,,,,,,,,
,,,,,,,,,,,,,,,,,,,,"NDUFS2","B4GALT4",,,,,,,,,,,,,"ST8SIA5",,,,,,,,,,,,,,,,,,,,,,,
,,,,,,,,,,,,,,,,,,,,"MEF2D","SNRNP70",,,,,,,,,,,,,"EPB41L3",,,,,,,,,,,,,,,,,,,,,,,
,,,,,,,,,,,,,,,,,,,,"PRPF38B","BDH2",,,,,,,,,,,,,"PPM1H",,,,,,,,,,,,,,,,,,,,,,,
,,,,,,,,,,,,,,,,,,,,"AKTIP","PLEKHH3",,,,,,,,,,,,,"TIAM2",,,,,,,,,,,,,,,,,,,,,,,
,,,,,,,,,,,,,,,,,,,,"AVPR1A","EXTL2",,,,,,,,,,,,,"XKR6",,,,,,,,,,,,,,,,,,,,,,,
,,,,,,,,,,,,,,,,,,,,"C5orf24","FKBP2",,,,,,,,,,,,,"BAIAP2",,,,,,,,,,,,,,,,,,,,,,,
,,,,,,,,,,,,,,,,,,,,"RDH11","SLC40A1",,,,,,,,,,,,,"DGKI",,,,,,,,,,,,,,,,,,,,,,,
,,,,,,,,,,,,,,,,,,,,"EEA1","TRIM22",,,,,,,,,,,,,"TBC1D30",,,,,,,,,,,,,,,,,,,,,,,
,,,,,,,,,,,,,,,,,,,,"KDM5A","FLNC",,,,,,,,,,,,,"WNK2",,,,,,,,,,,,,,,,,,,,,,,
,,,,,,,,,,,,,,,,,,,,"PTPA","NME3",,,,,,,,,,,,,"SLC41A2",,,,,,,,,,,,,,,,,,,,,,,
,,,,,,,,,,,,,,,,,,,,"ABCB4","NBN",,,,,,,,,,,,,"KIAA1211L",,,,,,,,,,,,,,,,,,,,,,,
,,,,,,,,,,,,,,,,,,,,"LASP1","ELMSAN1",,,,,,,,,,,,,"PRR16",,,,,,,,,,,,,,,,,,,,,,,
,,,,,,,,,,,,,,,,,,,,"SINHCAF","GPR88",,,,,,,,,,,,,"SPATA7",,,,,,,,,,,,,,,,,,,,,,,
,,,,,,,,,,,,,,,,,,,,"DDA1","PLCD4",,,,,,,,,,,,,"NAALAD2",,,,,,,,,,,,,,,,,,,,,,,
,,,,,,,,,,,,,,,,,,,,"PITPNA","PLEKHA4",,,,,,,,,,,,,"SLC6A15",,,,,,,,,,,,,,,,,,,,,,,
,,,,,,,,,,,,,,,,,,,,"PLEKHG2","OAT",,,,,,,,,,,,,"WASF1",,,,,,,,,,,,,,,,,,,,,,,
,,,,,,,,,,,,,,,,,,,,"ALDH9A1","CLN5",,,,,,,,,,,,,"CAMK2B",,,,,,,,,,,,,,,,,,,,,,,
,,,,,,,,,,,,,,,,,,,,"SELENON","GDF10",,,,,,,,,,,,,"RASGRP1",,,,,,,,,,,,,,,,,,,,,,,
,,,,,,,,,,,,,,,,,,,,"DOK4","TDRD15",,,,,,,,,,,,,"DMTN",,,,,,,,,,,,,,,,,,,,,,,
,,,,,,,,,,,,,,,,,,,,"KLF3","FAM199X",,,,,,,,,,,,,"NCR3LG1",,,,,,,,,,,,,,,,,,,,,,,
,,,,,,,,,,,,,,,,,,,,"COPB1","CEP120",,,,,,,,,,,,,"KCND3",,,,,,,,,,,,,,,,,,,,,,,
,,,,,,,,,,,,,,,,,,,,"ELOA","DISP2",,,,,,,,,,,,,"MIPOL1",,,,,,,,,,,,,,,,,,,,,,,
,,,,,,,,,,,,,,,,,,,,"PURB","IRF2BPL",,,,,,,,,,,,,"STAC2",,,,,,,,,,,,,,,,,,,,,,,
,,,,,,,,,,,,,,,,,,,,"ARMCX3","PATJ",,,,,,,,,,,,,"CAP2",,,,,,,,,,,,,,,,,,,,,,,
,,,,,,,,,,,,,,,,,,,,"ARF3","PTGFRN",,,,,,,,,,,,,"CPLX2",,,,,,,,,,,,,,,,,,,,,,,
,,,,,,,,,,,,,,,,,,,,"RIT1","ARL5B",,,,,,,,,,,,,"GLB1L3",,,,,,,,,,,,,,,,,,,,,,,
,,,,,,,,,,,,,,,,,,,,"NUFIP2","FOXP4",,,,,,,,,,,,,"LONRF2",,,,,,,,,,,,,,,,,,,,,,,
,,,,,,,,,,,,,,,,,,,,"HIPK1","ATN1",,,,,,,,,,,,,"SUSD4",,,,,,,,,,,,,,,,,,,,,,,
,,,,,,,,,,,,,,,,,,,,"WASHC4","COQ4",,,,,,,,,,,,,"KIAA0513",,,,,,,,,,,,,,,,,,,,,,,
,,,,,,,,,,,,,,,,,,,,"BAG3","PMM1",,,,,,,,,,,,,"RIMKLA",,,,,,,,,,,,,,,,,,,,,,,
,,,,,,,,,,,,,,,,,,,,"CYTH2","DNPH1",,,,,,,,,,,,,"SIRPA",,,,,,,,,,,,,,,,,,,,,,,
,,,,,,,,,,,,,,,,,,,,"GSS","TRIP6",,,,,,,,,,,,,"SSBP3",,,,,,,,,,,,,,,,,,,,,,,
,,,,,,,,,,,,,,,,,,,,"TMF1","SCUBE3",,,,,,,,,,,,,"FAM49A",,,,,,,,,,,,,,,,,,,,,,,
,,,,,,,,,,,,,,,,,,,,"ATP6AP2","ZC2HC1C",,,,,,,,,,,,,"SLC16A7",,,,,,,,,,,,,,,,,,,,,,,
,,,,,,,,,,,,,,,,,,,,"N4BP3","GTF2H5",,,,,,,,,,,,,"CAMK2A",,,,,,,,,,,,,,,,,,,,,,,
,,,,,,,,,,,,,,,,,,,,"CTNNBIP1","CCNG1",,,,,,,,,,,,,"KLHL3",,,,,,,,,,,,,,,,,,,,,,,
,,,,,,,,,,,,,,,,,,,,"ATP6V1D","SULT1E1",,,,,,,,,,,,,"TULP4",,,,,,,,,,,,,,,,,,,,,,,
,,,,,,,,,,,,,,,,,,,,"DFFA","CSAD",,,,,,,,,,,,,"VWA5B2",,,,,,,,,,,,,,,,,,,,,,,
,,,,,,,,,,,,,,,,,,,,"C16orf72","SNX2",,,,,,,,,,,,,"CDH8",,,,,,,,,,,,,,,,,,,,,,,
,,,,,,,,,,,,,,,,,,,,"ARHGAP1","LPCAT3",,,,,,,,,,,,,"NEK10",,,,,,,,,,,,,,,,,,,,,,,
,,,,,,,,,,,,,,,,,,,,"STAU1","NPW",,,,,,,,,,,,,"BTBD9",,,,,,,,,,,,,,,,,,,,,,,
,,,,,,,,,,,,,,,,,,,,"GMFB","INMT",,,,,,,,,,,,,"DRP2",,,,,,,,,,,,,,,,,,,,,,,
,,,,,,,,,,,,,,,,,,,,"LTBR","SCUBE1",,,,,,,,,,,,,"SYN1",,,,,,,,,,,,,,,,,,,,,,,
,,,,,,,,,,,,,,,,,,,,"DNAJB6","SYDE2",,,,,,,,,,,,,"TSPAN13",,,,,,,,,,,,,,,,,,,,,,,
,,,,,,,,,,,,,,,,,,,,"DCTN2","LYPLAL1",,,,,,,,,,,,,"CELF5",,,,,,,,,,,,,,,,,,,,,,,
,,,,,,,,,,,,,,,,,,,,"MSANTD3","CPA4",,,,,,,,,,,,,"RPS6KA6",,,,,,,,,,,,,,,,,,,,,,,
,,,,,,,,,,,,,,,,,,,,"UBA1","RSPO3",,,,,,,,,,,,,"ZDHHC23",,,,,,,,,,,,,,,,,,,,,,,
,,,,,,,,,,,,,,,,,,,,"NR2F6","C1RL",,,,,,,,,,,,,"STAU2",,,,,,,,,,,,,,,,,,,,,,,
,,,,,,,,,,,,,,,,,,,,"IDH3G","CRYGN",,,,,,,,,,,,,"CCDC28A",,,,,,,,,,,,,,,,,,,,,,,
,,,,,,,,,,,,,,,,,,,,"EMC4","GALNT12",,,,,,,,,,,,,"JPH3",,,,,,,,,,,,,,,,,,,,,,,
,,,,,,,,,,,,,,,,,,,,"CDC42EP5","C8orf88",,,,,,,,,,,,,"CKMT1B",,,,,,,,,,,,,,,,,,,,,,,
,,,,,,,,,,,,,,,,,,,,"RAB32","PODN",,,,,,,,,,,,,"FAM189A1",,,,,,,,,,,,,,,,,,,,,,,
,,,,,,,,,,,,,,,,,,,,"ANKLE2","PCYOX1",,,,,,,,,,,,,"TTLL11",,,,,,,,,,,,,,,,,,,,,,,
,,,,,,,,,,,,,,,,,,,,"BICD2","ABHD14A",,,,,,,,,,,,,"GAS2",,,,,,,,,,,,,,,,,,,,,,,
,,,,,,,,,,,,,,,,,,,,"POLR2G","DNALI1",,,,,,,,,,,,,"SCN3B",,,,,,,,,,,,,,,,,,,,,,,
,,,,,,,,,,,,,,,,,,,,"UBE2R2","TLE2",,,,,,,,,,,,,"SNCB",,,,,,,,,,,,,,,,,,,,,,,
,,,,,,,,,,,,,,,,,,,,"AGPAT1","WNK4",,,,,,,,,,,,,"ST6GALNAC5",,,,,,,,,,,,,,,,,,,,,,,
,,,,,,,,,,,,,,,,,,,,"SRP54","TCEAL1",,,,,,,,,,,,,"GLIS1",,,,,,,,,,,,,,,,,,,,,,,
,,,,,,,,,,,,,,,,,,,,"KDSR","SSC4D",,,,,,,,,,,,,"C2CD5",,,,,,,,,,,,,,,,,,,,,,,
,,,,,,,,,,,,,,,,,,,,"MCFD2","PRG4",,,,,,,,,,,,,"FHOD3",,,,,,,,,,,,,,,,,,,,,,,
,,,,,,,,,,,,,,,,,,,,"NIPSNAP2","HYI",,,,,,,,,,,,,"FSD1",,,,,,,,,,,,,,,,,,,,,,,
,,,,,,,,,,,,,,,,,,,,"PAFAH1B2","TMEM159",,,,,,,,,,,,,"TLL1",,,,,,,,,,,,,,,,,,,,,,,
,,,,,,,,,,,,,,,,,,,,"TRIP11","NAGLU",,,,,,,,,,,,,"CDH9",,,,,,,,,,,,,,,,,,,,,,,
,,,,,,,,,,,,,,,,,,,,"IER5L","TMEM259",,,,,,,,,,,,,"COL24A1",,,,,,,,,,,,,,,,,,,,,,,
,,,,,,,,,,,,,,,,,,,,"ZBTB1","EN1",,,,,,,,,,,,,"PLCL2",,,,,,,,,,,,,,,,,,,,,,,
,,,,,,,,,,,,,,,,,,,,"BAG6","SH3BGR",,,,,,,,,,,,,"SIPA1L1",,,,,,,,,,,,,,,,,,,,,,,
,,,,,,,,,,,,,,,,,,,,"RASD2","CHRNA6",,,,,,,,,,,,,"STRBP",,,,,,,,,,,,,,,,,,,,,,,
,,,,,,,,,,,,,,,,,,,,"XIAP","ZSCAN18",,,,,,,,,,,,,"UNC5C",,,,,,,,,,,,,,,,,,,,,,,
,,,,,,,,,,,,,,,,,,,,"GTF3C4","SNX21",,,,,,,,,,,,,"MCF2",,,,,,,,,,,,,,,,,,,,,,,
,,,,,,,,,,,,,,,,,,,,"LINC00672","SMIM1",,,,,,,,,,,,,"TMEM63C",,,,,,,,,,,,,,,,,,,,,,,
,,,,,,,,,,,,,,,,,,,,"NEU1","RHOD",,,,,,,,,,,,,"DZIP1",,,,,,,,,,,,,,,,,,,,,,,
,,,,,,,,,,,,,,,,,,,,"ABHD5","PLA2G12A",,,,,,,,,,,,,"GABRA5",,,,,,,,,,,,,,,,,,,,,,,
,,,,,,,,,,,,,,,,,,,,"ACIN1","FGF11",,,,,,,,,,,,,"PAK1",,,,,,,,,,,,,,,,,,,,,,,
,,,,,,,,,,,,,,,,,,,,"PLEKHB2","TSPAN11",,,,,,,,,,,,,"TESPA1",,,,,,,,,,,,,,,,,,,,,,,
,,,,,,,,,,,,,,,,,,,,"STX2","SLC22A18",,,,,,,,,,,,,"SLC6A7",,,,,,,,,,,,,,,,,,,,,,,
,,,,,,,,,,,,,,,,,,,,"CYB561","TM2D1",,,,,,,,,,,,,"ST8SIA1",,,,,,,,,,,,,,,,,,,,,,,
,,,,,,,,,,,,,,,,,,,,"MRPS10","FAM92A",,,,,,,,,,,,,"FMN1",,,,,,,,,,,,,,,,,,,,,,,
,,,,,,,,,,,,,,,,,,,,"YTHDC1","CCDC127",,,,,,,,,,,,,"RBM26",,,,,,,,,,,,,,,,,,,,,,,
,,,,,,,,,,,,,,,,,,,,"ZNF281","PPP1R16A",,,,,,,,,,,,,"RTN4RL1",,,,,,,,,,,,,,,,,,,,,,,
,,,,,,,,,,,,,,,,,,,,"PDCL","SLC2A4RG",,,,,,,,,,,,,"SAMD3",,,,,,,,,,,,,,,,,,,,,,,
,,,,,,,,,,,,,,,,,,,,"PEAR1","NEB",,,,,,,,,,,,,"SERPINI1",,,,,,,,,,,,,,,,,,,,,,,
,,,,,,,,,,,,,,,,,,,,"TUT7","MTRNR2L1",,,,,,,,,,,,,"ADAM11",,,,,,,,,,,,,,,,,,,,,,,
,,,,,,,,,,,,,,,,,,,,"CCDC86","MBOAT7",,,,,,,,,,,,,"AJAP1",,,,,,,,,,,,,,,,,,,,,,,
,,,,,,,,,,,,,,,,,,,,"TBC1D16","PILRB",,,,,,,,,,,,,"EPB41L2",,,,,,,,,,,,,,,,,,,,,,,
,,,,,,,,,,,,,,,,,,,,"RRP15","NUDT7",,,,,,,,,,,,,"KIAA0825",,,,,,,,,,,,,,,,,,,,,,,
,,,,,,,,,,,,,,,,,,,,"SMIM10L1","CHODL",,,,,,,,,,,,,"SATB1",,,,,,,,,,,,,,,,,,,,,,,
,,,,,,,,,,,,,,,,,,,,"YRDC","GDPD5",,,,,,,,,,,,,"MNAT1",,,,,,,,,,,,,,,,,,,,,,,
,,,,,,,,,,,,,,,,,,,,"SZRD1","MTFR1L",,,,,,,,,,,,,"OSBP2",,,,,,,,,,,,,,,,,,,,,,,
,,,,,,,,,,,,,,,,,,,,"DNAJC3","SLC2A10",,,,,,,,,,,,,"TARBP1",,,,,,,,,,,,,,,,,,,,,,,
,,,,,,,,,,,,,,,,,,,,"UBE2Z","CTF1",,,,,,,,,,,,,"PLEKHA6",,,,,,,,,,,,,,,,,,,,,,,
,,,,,,,,,,,,,,,,,,,,"ST3GAL2","ERG28",,,,,,,,,,,,,"MYO5A",,,,,,,,,,,,,,,,,,,,,,,
,,,,,,,,,,,,,,,,,,,,"ATP10D","CA3",,,,,,,,,,,,,"OR2L13",,,,,,,,,,,,,,,,,,,,,,,
,,,,,,,,,,,,,,,,,,,,"ARID1A","EPM2AIP1",,,,,,,,,,,,,"RNF144A",,,,,,,,,,,,,,,,,,,,,,,
,,,,,,,,,,,,,,,,,,,,"SDHC","KLHDC2",,,,,,,,,,,,,"ST8SIA3",,,,,,,,,,,,,,,,,,,,,,,
,,,,,,,,,,,,,,,,,,,,"SDHAF2","ARMCX2",,,,,,,,,,,,,"WDPCP",,,,,,,,,,,,,,,,,,,,,,,
,,,,,,,,,,,,,,,,,,,,"ARCN1","FBRSL1",,,,,,,,,,,,,"ICA1L",,,,,,,,,,,,,,,,,,,,,,,
,,,,,,,,,,,,,,,,,,,,"RRAGA","GALT",,,,,,,,,,,,,"SPHKAP",,,,,,,,,,,,,,,,,,,,,,,
,,,,,,,,,,,,,,,,,,,,"SVBP","FNDC10",,,,,,,,,,,,,"ANKRD42",,,,,,,,,,,,,,,,,,,,,,,
,,,,,,,,,,,,,,,,,,,,"C14orf132","TPMT",,,,,,,,,,,,,"BAALC",,,,,,,,,,,,,,,,,,,,,,,
,,,,,,,,,,,,,,,,,,,,"NUCB1","FOLR1",,,,,,,,,,,,,"ST6GAL2",,,,,,,,,,,,,,,,,,,,,,,
,,,,,,,,,,,,,,,,,,,,"UROS","LRCH4",,,,,,,,,,,,,"CUX2",,,,,,,,,,,,,,,,,,,,,,,
,,,,,,,,,,,,,,,,,,,,"ZFPM1","NYNRIN",,,,,,,,,,,,,"KCNH3",,,,,,,,,,,,,,,,,,,,,,,
,,,,,,,,,,,,,,,,,,,,"IRGQ","RWDD4",,,,,,,,,,,,,"DIRAS2",,,,,,,,,,,,,,,,,,,,,,,
,,,,,,,,,,,,,,,,,,,,"ZNF787","TTLL3",,,,,,,,,,,,,"NOS1AP",,,,,,,,,,,,,,,,,,,,,,,
,,,,,,,,,,,,,,,,,,,,"RAB22A","APOL6",,,,,,,,,,,,,"C11orf80",,,,,,,,,,,,,,,,,,,,,,,
,,,,,,,,,,,,,,,,,,,,"RNF11","BEND5",,,,,,,,,,,,,"KRT222",,,,,,,,,,,,,,,,,,,,,,,
,,,,,,,,,,,,,,,,,,,,"GDE1","TMEM9",,,,,,,,,,,,,"ELAVL4",,,,,,,,,,,,,,,,,,,,,,,
,,,,,,,,,,,,,,,,,,,,"CETP","TCTEX1D2",,,,,,,,,,,,,"FAM160A1",,,,,,,,,,,,,,,,,,,,,,,
,,,,,,,,,,,,,,,,,,,,"FAM210B","ZIC5",,,,,,,,,,,,,"SH3RF3",,,,,,,,,,,,,,,,,,,,,,,
,,,,,,,,,,,,,,,,,,,,"MRPS36","GPRASP2",,,,,,,,,,,,,"DPY19L2",,,,,,,,,,,,,,,,,,,,,,,
,,,,,,,,,,,,,,,,,,,,"WWC3","PNPLA4",,,,,,,,,,,,,"GRAMD1B",,,,,,,,,,,,,,,,,,,,,,,
,,,,,,,,,,,,,,,,,,,,"ZNF618","FAM122A",,,,,,,,,,,,,"KCNN2",,,,,,,,,,,,,,,,,,,,,,,
,,,,,,,,,,,,,,,,,,,,"CNIH1","NUMBL",,,,,,,,,,,,,"IQSEC1",,,,,,,,,,,,,,,,,,,,,,,
,,,,,,,,,,,,,,,,,,,,"DNAJA4","SPATA20",,,,,,,,,,,,,"ERICH3",,,,,,,,,,,,,,,,,,,,,,,
,,,,,,,,,,,,,,,,,,,,"MAP3K3","PPIL3",,,,,,,,,,,,,"MARCH7",,,,,,,,,,,,,,,,,,,,,,,
,,,,,,,,,,,,,,,,,,,,"CTNNBL1","TWSG1",,,,,,,,,,,,,"RGS6",,,,,,,,,,,,,,,,,,,,,,,
,,,,,,,,,,,,,,,,,,,,"YIPF1","KLHL35",,,,,,,,,,,,,"CPNE4",,,,,,,,,,,,,,,,,,,,,,,
,,,,,,,,,,,,,,,,,,,,"RFK","THYN1",,,,,,,,,,,,,"HSF4",,,,,,,,,,,,,,,,,,,,,,,
,,,,,,,,,,,,,,,,,,,,"TNKS1BP1","SIX4",,,,,,,,,,,,,"PCSK1",,,,,,,,,,,,,,,,,,,,,,,
,,,,,,,,,,,,,,,,,,,,"RFXANK","MUC1",,,,,,,,,,,,,"MTFMT",,,,,,,,,,,,,,,,,,,,,,,
,,,,,,,,,,,,,,,,,,,,"DUSP8","AC007906.2",,,,,,,,,,,,,"GNMT",,,,,,,,,,,,,,,,,,,,,,,
,,,,,,,,,,,,,,,,,,,,"GDF15","TAF12",,,,,,,,,,,,,"RPS6KC1",,,,,,,,,,,,,,,,,,,,,,,
,,,,,,,,,,,,,,,,,,,,"EPOR","SLC38A4",,,,,,,,,,,,,"JAZF1",,,,,,,,,,,,,,,,,,,,,,,
,,,,,,,,,,,,,,,,,,,,"SNAP23","SSH3",,,,,,,,,,,,,"OGDHL",,,,,,,,,,,,,,,,,,,,,,,
,,,,,,,,,,,,,,,,,,,,"SPTY2D1","TMEM53",,,,,,,,,,,,,"BRAF",,,,,,,,,,,,,,,,,,,,,,,
,,,,,,,,,,,,,,,,,,,,"TMEM74B","C11orf1",,,,,,,,,,,,,"KCNA1",,,,,,,,,,,,,,,,,,,,,,,
,,,,,,,,,,,,,,,,,,,,"ZNF844","MCOLN3",,,,,,,,,,,,,"HIVEP2",,,,,,,,,,,,,,,,,,,,,,,
,,,,,,,,,,,,,,,,,,,,"MACO1","TMEM42",,,,,,,,,,,,,"UNC5A",,,,,,,,,,,,,,,,,,,,,,,
,,,,,,,,,,,,,,,,,,,,"WIPI2","TCTN3",,,,,,,,,,,,,"VGLL4",,,,,,,,,,,,,,,,,,,,,,,
,,,,,,,,,,,,,,,,,,,,"VPS16","MAN2B2",,,,,,,,,,,,,"CAMSAP2",,,,,,,,,,,,,,,,,,,,,,,
,,,,,,,,,,,,,,,,,,,,"BMS1","C11orf54",,,,,,,,,,,,,"FARS2",,,,,,,,,,,,,,,,,,,,,,,
,,,,,,,,,,,,,,,,,,,,"DDX42","DACT1",,,,,,,,,,,,,"ITFG1",,,,,,,,,,,,,,,,,,,,,,,
,,,,,,,,,,,,,,,,,,,,"SEPHS2","B3GNT9",,,,,,,,,,,,,"MYH10",,,,,,,,,,,,,,,,,,,,,,,
,,,,,,,,,,,,,,,,,,,,"B3GALT6","PYROXD2",,,,,,,,,,,,,"DFFB",,,,,,,,,,,,,,,,,,,,,,,
,,,,,,,,,,,,,,,,,,,,"DHRS4L2","REC8",,,,,,,,,,,,,"JAKMIP1",,,,,,,,,,,,,,,,,,,,,,,
,,,,,,,,,,,,,,,,,,,,"RMDN1","SLC16A5",,,,,,,,,,,,,"TMEM241",,,,,,,,,,,,,,,,,,,,,,,
,,,,,,,,,,,,,,,,,,,,"POLR2B","LRRC42",,,,,,,,,,,,,"KIAA1841",,,,,,,,,,,,,,,,,,,,,,,
,,,,,,,,,,,,,,,,,,,,"HMOX2","TMEM80",,,,,,,,,,,,,"SBK1",,,,,,,,,,,,,,,,,,,,,,,
,,,,,,,,,,,,,,,,,,,,"NSMCE3","PLXNA3",,,,,,,,,,,,,"SCAI",,,,,,,,,,,,,,,,,,,,,,,
,,,,,,,,,,,,,,,,,,,,"DPH3","CBY1",,,,,,,,,,,,,"ZFYVE28",,,,,,,,,,,,,,,,,,,,,,,
,,,,,,,,,,,,,,,,,,,,"TPGS1","PENK",,,,,,,,,,,,,"NIN",,,,,,,,,,,,,,,,,,,,,,,
,,,,,,,,,,,,,,,,,,,,"HMGXB3","SLC35E2A",,,,,,,,,,,,,"GPATCH8",,,,,,,,,,,,,,,,,,,,,,,
,,,,,,,,,,,,,,,,,,,,"PPP4R2","CMTR2",,,,,,,,,,,,,"SGCE",,,,,,,,,,,,,,,,,,,,,,,
,,,,,,,,,,,,,,,,,,,,"LYRM2","ISCA2",,,,,,,,,,,,,"RAP1GAP",,,,,,,,,,,,,,,,,,,,,,,
,,,,,,,,,,,,,,,,,,,,"PGRMC2","GPRASP1",,,,,,,,,,,,,"NLK",,,,,,,,,,,,,,,,,,,,,,,
,,,,,,,,,,,,,,,,,,,,"NCBP3","ERLIN2",,,,,,,,,,,,,"NETO1",,,,,,,,,,,,,,,,,,,,,,,
,,,,,,,,,,,,,,,,,,,,"TMEM126A","RING1",,,,,,,,,,,,,"CLVS2",,,,,,,,,,,,,,,,,,,,,,,
,,,,,,,,,,,,,,,,,,,,"AP2A2","IL17RC",,,,,,,,,,,,,"HS3ST2",,,,,,,,,,,,,,,,,,,,,,,
,,,,,,,,,,,,,,,,,,,,"USP38","CNPY4",,,,,,,,,,,,,"NR6A1",,,,,,,,,,,,,,,,,,,,,,,
,,,,,,,,,,,,,,,,,,,,"CHRAC1","AR",,,,,,,,,,,,,"PRKAG2",,,,,,,,,,,,,,,,,,,,,,,
,,,,,,,,,,,,,,,,,,,,"KRT18","C11orf71",,,,,,,,,,,,,"ATG7",,,,,,,,,,,,,,,,,,,,,,,
,,,,,,,,,,,,,,,,,,,,"PIP5K1C","CCHCR1",,,,,,,,,,,,,"EML5",,,,,,,,,,,,,,,,,,,,,,,
,,,,,,,,,,,,,,,,,,,,"CNOT9","CIART",,,,,,,,,,,,,"GDA",,,,,,,,,,,,,,,,,,,,,,,
,,,,,,,,,,,,,,,,,,,,"C6orf89","PEX2",,,,,,,,,,,,,"RAPGEFL1",,,,,,,,,,,,,,,,,,,,,,,
,,,,,,,,,,,,,,,,,,,,"SNW1","TKFC",,,,,,,,,,,,,"KHDC1",,,,,,,,,,,,,,,,,,,,,,,
,,,,,,,,,,,,,,,,,,,,"EIF2B2","DHRS1",,,,,,,,,,,,,"NCKAP1",,,,,,,,,,,,,,,,,,,,,,,
,,,,,,,,,,,,,,,,,,,,"TFPT","MOV10",,,,,,,,,,,,,"KCNQ5",,,,,,,,,,,,,,,,,,,,,,,
,,,,,,,,,,,,,,,,,,,,"RBM12","MDGA1",,,,,,,,,,,,,"PDE1A",,,,,,,,,,,,,,,,,,,,,,,
,,,,,,,,,,,,,,,,,,,,"THAP12","MINDY4",,,,,,,,,,,,,"OR2AG2",,,,,,,,,,,,,,,,,,,,,,,
,,,,,,,,,,,,,,,,,,,,"PAIP1","DHFR2",,,,,,,,,,,,,"HMGCLL1",,,,,,,,,,,,,,,,,,,,,,,
,,,,,,,,,,,,,,,,,,,,"OTUD5","DNAJC30",,,,,,,,,,,,,"TRAF3",,,,,,,,,,,,,,,,,,,,,,,
,,,,,,,,,,,,,,,,,,,,"DMWD","LPIN3",,,,,,,,,,,,,"UNC5D",,,,,,,,,,,,,,,,,,,,,,,
,,,,,,,,,,,,,,,,,,,,"DNAJA2","PDK2",,,,,,,,,,,,,"ARMC9",,,,,,,,,,,,,,,,,,,,,,,
,,,,,,,,,,,,,,,,,,,,"ERGIC1","THAP7",,,,,,,,,,,,,"HHAT",,,,,,,,,,,,,,,,,,,,,,,
,,,,,,,,,,,,,,,,,,,,"ANO1","MPI",,,,,,,,,,,,,"NFAT5",,,,,,,,,,,,,,,,,,,,,,,
,,,,,,,,,,,,,,,,,,,,"COPG1","CAD",,,,,,,,,,,,,"CPEB1",,,,,,,,,,,,,,,,,,,,,,,
,,,,,,,,,,,,,,,,,,,,"GIPC3","PTGR2",,,,,,,,,,,,,"CAMKK2",,,,,,,,,,,,,,,,,,,,,,,
,,,,,,,,,,,,,,,,,,,,"ZC3H18","AC240274.1",,,,,,,,,,,,,"CLASP1",,,,,,,,,,,,,,,,,,,,,,,
,,,,,,,,,,,,,,,,,,,,"MAPK6","FAM53C",,,,,,,,,,,,,"KCNQ2",,,,,,,,,,,,,,,,,,,,,,,
,,,,,,,,,,,,,,,,,,,,"VPS35L","COQ8B",,,,,,,,,,,,,"MSRA",,,,,,,,,,,,,,,,,,,,,,,
,,,,,,,,,,,,,,,,,,,,"SLC12A4","PEX11A",,,,,,,,,,,,,"ZNF365",,,,,,,,,,,,,,,,,,,,,,,
,,,,,,,,,,,,,,,,,,,,"ZBTB10","HEMK1",,,,,,,,,,,,,"SLC5A4",,,,,,,,,,,,,,,,,,,,,,,
,,,,,,,,,,,,,,,,,,,,"SUPT6H","HDAC10",,,,,,,,,,,,,"TAGLN3",,,,,,,,,,,,,,,,,,,,,,,
,,,,,,,,,,,,,,,,,,,,"PDHB","CASP6",,,,,,,,,,,,,"VPS13A",,,,,,,,,,,,,,,,,,,,,,,
,,,,,,,,,,,,,,,,,,,,"PRSS12","HFE",,,,,,,,,,,,,"VTI1A",,,,,,,,,,,,,,,,,,,,,,,
,,,,,,,,,,,,,,,,,,,,"AGO2","TMEM216",,,,,,,,,,,,,"FAM49B",,,,,,,,,,,,,,,,,,,,,,,
,,,,,,,,,,,,,,,,,,,,"CACNA1H","ZNF783",,,,,,,,,,,,,"HTR2C",,,,,,,,,,,,,,,,,,,,,,,
,,,,,,,,,,,,,,,,,,,,"RNF139","",,,,,,,,,,,,,"TTC39C",,,,,,,,,,,,,,,,,,,,,,,
,,,,,,,,,,,,,,,,,,,,"ACBD3",,,,,,,,,,,,,,"EXTL1",,,,,,,,,,,,,,,,,,,,,,,
,,,,,,,,,,,,,,,,,,,,"MAPKAPK2",,,,,,,,,,,,,,"TANGO2",,,,,,,,,,,,,,,,,,,,,,,
,,,,,,,,,,,,,,,,,,,,"RLIM",,,,,,,,,,,,,,"BEND6",,,,,,,,,,,,,,,,,,,,,,,
,,,,,,,,,,,,,,,,,,,,"MOSMO",,,,,,,,,,,,,,"CACNG8",,,,,,,,,,,,,,,,,,,,,,,
,,,,,,,,,,,,,,,,,,,,"ICOSLG",,,,,,,,,,,,,,"MAGI3",,,,,,,,,,,,,,,,,,,,,,,
,,,,,,,,,,,,,,,,,,,,"OTULIN",,,,,,,,,,,,,,"PDE3B",,,,,,,,,,,,,,,,,,,,,,,
,,,,,,,,,,,,,,,,,,,,"MIA2",,,,,,,,,,,,,,"ST7",,,,,,,,,,,,,,,,,,,,,,,
,,,,,,,,,,,,,,,,,,,,"FEM1C",,,,,,,,,,,,,,"NEIL1",,,,,,,,,,,,,,,,,,,,,,,
,,,,,,,,,,,,,,,,,,,,"CDR2L",,,,,,,,,,,,,,"SLC13A3",,,,,,,,,,,,,,,,,,,,,,,
,,,,,,,,,,,,,,,,,,,,"SLC35B3",,,,,,,,,,,,,,"AGTPBP1",,,,,,,,,,,,,,,,,,,,,,,
,,,,,,,,,,,,,,,,,,,,"HERPUD2",,,,,,,,,,,,,,"AP3B2",,,,,,,,,,,,,,,,,,,,,,,
,,,,,,,,,,,,,,,,,,,,"RAB29",,,,,,,,,,,,,,"CD36",,,,,,,,,,,,,,,,,,,,,,,
,,,,,,,,,,,,,,,,,,,,"CCDC25",,,,,,,,,,,,,,"MAST1",,,,,,,,,,,,,,,,,,,,,,,
,,,,,,,,,,,,,,,,,,,,"DHX32",,,,,,,,,,,,,,"PPP1R12B",,,,,,,,,,,,,,,,,,,,,,,
,,,,,,,,,,,,,,,,,,,,"PCDHB16",,,,,,,,,,,,,,"NCOA7",,,,,,,,,,,,,,,,,,,,,,,
,,,,,,,,,,,,,,,,,,,,"ZDHHC5",,,,,,,,,,,,,,"SLC26A4",,,,,,,,,,,,,,,,,,,,,,,
,,,,,,,,,,,,,,,,,,,,"EMC3",,,,,,,,,,,,,,"FAR2",,,,,,,,,,,,,,,,,,,,,,,
,,,,,,,,,,,,,,,,,,,,"BAZ2A",,,,,,,,,,,,,,"GRM4",,,,,,,,,,,,,,,,,,,,,,,
,,,,,,,,,,,,,,,,,,,,"PPP6R1",,,,,,,,,,,,,,"KIAA1671",,,,,,,,,,,,,,,,,,,,,,,
,,,,,,,,,,,,,,,,,,,,,,,,,,,,,,,,,,"PHYHIP",,,,,,,,,,,,,,,,,,,,,,,
,,,,,,,,,,,,,,,,,,,,,,,,,,,,,,,,,,"FAM153A",,,,,,,,,,,,,,,,,,,,,,,
,,,,,,,,,,,,,,,,,,,,,,,,,,,,,,,,,,"HS6ST2",,,,,,,,,,,,,,,,,,,,,,,
,,,,,,,,,,,,,,,,,,,,,,,,,,,,,,,,,,"RFPL2",,,,,,,,,,,,,,,,,,,,,,,
,,,,,,,,,,,,,,,,,,,,,,,,,,,,,,,,,,"SOGA3",,,,,,,,,,,,,,,,,,,,,,,
,,,,,,,,,,,,,,,,,,,,,,,,,,,,,,,,,,"HDAC4",,,,,,,,,,,,,,,,,,,,,,,
,,,,,,,,,,,,,,,,,,,,,,,,,,,,,,,,,,"KCTD8",,,,,,,,,,,,,,,,,,,,,,,
,,,,,,,,,,,,,,,,,,,,,,,,,,,,,,,,,,"AMY2B",,,,,,,,,,,,,,,,,,,,,,,
,,,,,,,,,,,,,,,,,,,,,,,,,,,,,,,,,,"FBXW7",,,,,,,,,,,,,,,,,,,,,,,
,,,,,,,,,,,,,,,,,,,,,,,,,,,,,,,,,,"GABRD",,,,,,,,,,,,,,,,,,,,,,,
,,,,,,,,,,,,,,,,,,,,,,,,,,,,,,,,,,"IARS",,,,,,,,,,,,,,,,,,,,,,,
,,,,,,,,,,,,,,,,,,,,,,,,,,,,,,,,,,"RAB15",,,,,,,,,,,,,,,,,,,,,,,
,,,,,,,,,,,,,,,,,,,,,,,,,,,,,,,,,,"RNLS",,,,,,,,,,,,,,,,,,,,,,,
,,,,,,,,,,,,,,,,,,,,,,,,,,,,,,,,,,"STRC",,,,,,,,,,,,,,,,,,,,,,,
,,,,,,,,,,,,,,,,,,,,,,,,,,,,,,,,,,"ADAMTS19",,,,,,,,,,,,,,,,,,,,,,,
,,,,,,,,,,,,,,,,,,,,,,,,,,,,,,,,,,"MAP2K4",,,,,,,,,,,,,,,,,,,,,,,
,,,,,,,,,,,,,,,,,,,,,,,,,,,,,,,,,,"PRKAA2",,,,,,,,,,,,,,,,,,,,,,,
,,,,,,,,,,,,,,,,,,,,,,,,,,,,,,,,,,"EPHA10",,,,,,,,,,,,,,,,,,,,,,,
,,,,,,,,,,,,,,,,,,,,,,,,,,,,,,,,,,"PKNOX2",,,,,,,,,,,,,,,,,,,,,,,
,,,,,,,,,,,,,,,,,,,,,,,,,,,,,,,,,,"TPD52",,,,,,,,,,,,,,,,,,,,,,,
,,,,,,,,,,,,,,,,,,,,,,,,,,,,,,,,,,"CDS1",,,,,,,,,,,,,,,,,,,,,,,
,,,,,,,,,,,,,,,,,,,,,,,,,,,,,,,,,,"MTA3",,,,,,,,,,,,,,,,,,,,,,,
,,,,,,,,,,,,,,,,,,,,,,,,,,,,,,,,,,"RAB11FIP4",,,,,,,,,,,,,,,,,,,,,,,
,,,,,,,,,,,,,,,,,,,,,,,,,,,,,,,,,,"AACS",,,,,,,,,,,,,,,,,,,,,,,
,,,,,,,,,,,,,,,,,,,,,,,,,,,,,,,,,,"RPH3A",,,,,,,,,,,,,,,,,,,,,,,
,,,,,,,,,,,,,,,,,,,,,,,,,,,,,,,,,,"FZD3",,,,,,,,,,,,,,,,,,,,,,,
,,,,,,,,,,,,,,,,,,,,,,,,,,,,,,,,,,"MCHR2",,,,,,,,,,,,,,,,,,,,,,,
,,,,,,,,,,,,,,,,,,,,,,,,,,,,,,,,,,"C2orf80",,,,,,,,,,,,,,,,,,,,,,,
,,,,,,,,,,,,,,,,,,,,,,,,,,,,,,,,,,"CHN2",,,,,,,,,,,,,,,,,,,,,,,
,,,,,,,,,,,,,,,,,,,,,,,,,,,,,,,,,,"MAST3",,,,,,,,,,,,,,,,,,,,,,,
,,,,,,,,,,,,,,,,,,,,,,,,,,,,,,,,,,"CBLN2",,,,,,,,,,,,,,,,,,,,,,,
,,,,,,,,,,,,,,,,,,,,,,,,,,,,,,,,,,"DYNC2H1",,,,,,,,,,,,,,,,,,,,,,,
,,,,,,,,,,,,,,,,,,,,,,,,,,,,,,,,,,"PIP4K2C",,,,,,,,,,,,,,,,,,,,,,,
,,,,,,,,,,,,,,,,,,,,,,,,,,,,,,,,,,"KCNAB2",,,,,,,,,,,,,,,,,,,,,,,
,,,,,,,,,,,,,,,,,,,,,,,,,,,,,,,,,,"KIAA0930",,,,,,,,,,,,,,,,,,,,,,,
,,,,,,,,,,,,,,,,,,,,,,,,,,,,,,,,,,"MAP7D2",,,,,,,,,,,,,,,,,,,,,,,
,,,,,,,,,,,,,,,,,,,,,,,,,,,,,,,,,,"UGGT2",,,,,,,,,,,,,,,,,,,,,,,
,,,,,,,,,,,,,,,,,,,,,,,,,,,,,,,,,,"ROCK2",,,,,,,,,,,,,,,,,,,,,,,
,,,,,,,,,,,,,,,,,,,,,,,,,,,,,,,,,,"TMOD2",,,,,,,,,,,,,,,,,,,,,,,
,,,,,,,,,,,,,,,,,,,,,,,,,,,,,,,,,,"UNC13A",,,,,,,,,,,,,,,,,,,,,,,
,,,,,,,,,,,,,,,,,,,,,,,,,,,,,,,,,,"MAP4K3",,,,,,,,,,,,,,,,,,,,,,,
,,,,,,,,,,,,,,,,,,,,,,,,,,,,,,,,,,"ABLIM2",,,,,,,,,,,,,,,,,,,,,,,
,,,,,,,,,,,,,,,,,,,,,,,,,,,,,,,,,,"GDPD1",,,,,,,,,,,,,,,,,,,,,,,
,,,,,,,,,,,,,,,,,,,,,,,,,,,,,,,,,,"NGEF",,,,,,,,,,,,,,,,,,,,,,,
,,,,,,,,,,,,,,,,,,,,,,,,,,,,,,,,,,"GPR22",,,,,,,,,,,,,,,,,,,,,,,
,,,,,,,,,,,,,,,,,,,,,,,,,,,,,,,,,,,,,,,,,,,,,,,,,,,,,,,,,
,,,,,,,,,,,,,,,,,,,,,,,,,,,,,,,,,,,,,,,,,,,,,,,,,,,,,,,,,
,,,,,,,,,,,,,,,,,,,,,,,,,,,,,,,,,,,,,,,,,,,,,,,,,,,,,,,,,
,,,,,,,,,,,,,,,,,,,,,,,,,,,,,,,,,,,,,,,,,,,,,,,,,,,,,,,,,
,,,,,,,,,,,,,,,,,,,,,,,,,,,,,,,,,,,,,,,,,,,,,,,,,,,,,,,,,
,,,,,,,,,,,,,,,,,,,,,,,,,,,,,,,,,,,,,,,,,,,,,,,,,,,,,,,,,
,,,,,,,,,,,,,,,,,,,,,,,,,,,,,,,,,,,,,,,,,,,,,,,,,,,,,,,,,
